2/26/2022 17:01,Male,21,Bachelors Degree,Yes,Yes,3,3,2,Yes,4,Yes, Watch tutorials or explanation videos, Observe rather than acts or talk,4,4,5,Yes,3,3,3,4,1,2,Visual,Openness
2/26/2022 17:12,Female,21,Post-Secondary Education,Yes,No,4,2,3,Yes,4,Yes, Watch tutorials or explanation videos, Observe rather than acts or talk,1,3,2,Yes,4,4,4,3,1,2,Visual,Openness
2/26/2022 17:12,Male,25,Bachelors Degree,No,Yes,5,5,3,Yes,5,Yes, Watch tutorials or explanation videos, Take a short note,3,3,3,Yes,5,5,5,5,1,1,Visual,Extroversion
2/26/2022 17:21,Male,20,Certificate Program,Yes,Yes,4,4,2,No,3,No, Watch tutorials or explanation videos, Use hands-on activities with objects that can be touched,3,2,3,Yes,3,3,3,4,3,4,Kinesthetic,Agreeableness
2/26/2022 17:31,Male,19,Bachelors Degree,No,Yes,5,5,3,Yes,5,Yes, Watch tutorials or explanation videos, Take a short note,5,4,4,Yes,4,4,5,5,3,3,Reading/Writing,Conscientiousness
2/26/2022 17:33,Male,19,Bachelors Degree,Yes,Yes,4,4,4,No,5,Yes, Watch tutorials or explanation videos, Observe rather than acts or talk,4,3,3,Yes,4,5,3,4,2,4,Visual,Neuroticism
2/26/2022 17:39,Male,20,Certificate Program,Yes,No,5,3,4,Yes,4,Yes, Watch tutorials or explanation videos, Take a short note,3,3,3,Yes,4,3,3,4,1,3,Reading/Writing,Extroversion
2/26/2022 17:44,Male,20,Bachelors Degree,Yes,Yes,5,3,4,Yes,5,Yes, Watch tutorials or explanation videos, Discuss the material among students and instructor,5,3,4,Yes,5,4,4,5,1,3,Auditory,Conscientiousness
2/26/2022 17:46,Male,21,Post-Secondary Education,Yes,Yes,4,5,4,Yes,5,Yes, Associate a feeling with information, Take a short note,5,4,5,Yes,5,4,4,4,3,2,Kinesthetic,Agreeableness
2/26/2022 17:47,Male,20,Certificate Program,Yes,Yes,5,3,4,Yes,5,Yes, Use rhymes to help memorize the notes, Take a short note,3,4,4,Yes,4,3,4,3,3,3,Auditory,Openness
2/26/2022 17:48,Female,20,Post-Secondary Education,No,No,5,5,1,Yes,4,Yes, Watch tutorials or explanation videos, Take a short note,5,2,3,Yes,4,5,5,5,1,4,Reading/Writing,Openness
2/26/2022 17:50,Male,21,Post-Secondary Education,Yes,Yes,5,3,4,Yes,5,Yes, Watch tutorials or explanation videos, Observe rather than acts or talk,4,1,2,Yes,4,3,4,4,2,3,Visual,Openness
2/26/2022 17:51,Male,22,Bachelors Degree,Yes,Yes,5,4,3,No,5,Yes, Watch tutorials or explanation videos, Observe rather than acts or talk,5,4,4,Yes,5,4,5,5,1,2,Visual,Openness
2/26/2022 17:52,Male,20,Certificate Program,No,No,5,3,1,Yes,4,Yes, Associate a feeling with information, Observe rather than acts or talk,4,1,1,No,3,4,3,4,3,4,Kinesthetic,Extroversion
2/26/2022 17:55,Male,21,Certificate Program,Yes,Yes,4,3,4,Yes,5,Yes, Watch tutorials or explanation videos, Observe rather than acts or talk,4,2,3,Yes,4,3,4,4,2,3,Visual,Openness
2/26/2022 17:56,Female,19,Bachelors Degree,No,No,5,3,3,Yes,3,No, Watch tutorials or explanation videos, Observe rather than acts or talk,3,2,1,Yes,2,4,4,4,1,4,Visual,Openness
2/26/2022 17:57,Female,21,Certificate Program,Yes,No,3,4,3,Yes,4,Yes, Watch tutorials or explanation videos, Use hands-on activities with objects that can be touched,4,3,3,Yes,3,4,4,5,2,2,Visual,Openness
2/26/2022 18:03,Female,22,Post-Secondary Education,Yes,No,5,1,5,Yes,5,Yes, Read notes silently again and again, Observe rather than acts or talk,5,5,5,Yes,5,1,5,5,1,5,Reading/Writing,Extroversion
2/26/2022 18:14,Male,19,Post-Secondary Education,Yes,Yes,5,5,2,No,4,Yes, Use rhymes to help memorize the notes, Discuss the material among students and instructor,3,3,4,Yes,2,4,3,3,3,3,Auditory,Conscientiousness
2/26/2022 18:18,Male,18,Certificate Program,No,Yes,5,3,3,Yes,5,Yes, Watch tutorials or explanation videos, Observe rather than acts or talk,5,1,1,No,4,2,4,4,4,1,Visual,Openness
2/26/2022 18:21,Male,17,Bachelors Degree,Yes,No,3,5,2,Yes,5,No, Associate a feeling with information, Observe rather than acts or talk,4,4,3,Yes,4,2,3,4,2,3,Visual,Openness
2/26/2022 18:21,Male,17,Certificate Program,Yes,No,2,4,5,Yes,5,No, Watch tutorials or explanation videos, Take a short note,5,5,5,Yes,4,3,4,5,2,2,Visual,Extroversion
2/26/2022 18:25,Female,19,Certificate Program,Yes,No,5,3,5,Yes,5,No, Watch tutorials or explanation videos, Use hands-on activities with objects that can be touched,4,2,2,Yes,3,2,3,5,1,3,Kinesthetic,Conscientiousness
2/26/2022 18:28,Male,18,Post-Secondary Education,Yes,Yes,5,3,3,Yes,3,No, Watch tutorials or explanation videos, Take a short note,3,3,3,Yes,4,3,2,5,1,3,Visual,Openness
2/26/2022 18:29,Male,20,Certificate Program,No,Yes,5,5,2,No,5,Yes, Watch tutorials or explanation videos, Observe rather than acts or talk,5,2,5,Yes,3,5,5,5,1,3,Visual,Openness
2/26/2022 18:30,Male,20,Post-Secondary Education,Yes,Yes,3,4,1,Yes,5,Yes, Watch tutorials or explanation videos, Take a short note,3,3,4,Yes,3,5,3,5,2,3,Visual,Openness
2/26/2022 18:30,Female,50,Certificate Program,No,Yes,3,5,5,Yes,4,No, Watch tutorials or explanation videos, Observe rather than acts or talk,4,4,4,Yes,4,5,5,5,2,4,Visual,Openness
2/26/2022 18:30,Female,20,Post-Secondary Education,Yes,No,5,4,2,Yes,5,Yes, Watch tutorials or explanation videos, Observe rather than acts or talk,4,3,4,No,4,3,4,4,1,3,Visual,Openness
2/26/2022 18:34,Male,24,Bachelors Degree,Yes,No,3,3,2,Yes,5,Yes, Associate a feeling with information, Take a short note,3,3,3,Yes,5,3,5,5,3,3,Reading/Writing,Conscientiousness
2/26/2022 18:35,Male,21,Bachelors Degree,Yes,Yes,5,5,1,Yes,5,No, Watch tutorials or explanation videos, Take a short note,5,5,5,Yes,5,4,3,5,5,3,Reading/Writing,Extroversion
2/26/2022 18:46,Male,23,Certificate Program,Yes,Yes,3,4,4,Yes,5,Yes, Watch tutorials or explanation videos, Take a short note,4,3,3,Yes,4,4,5,4,2,3,Reading/Writing,Agreeableness
2/26/2022 18:46,Male,23,Post-Secondary Education,Yes,Yes,4,3,2,Yes,4,Yes, Associate a feeling with information, Observe rather than acts or talk,3,4,3,Yes,5,4,4,4,3,4,Reading/Writing,Conscientiousness
2/26/2022 18:49,Male,24,Bachelors Degree,No,Yes,5,2,2,Yes,5,Yes, Watch tutorials or explanation videos, Take a short note,5,3,2,Yes,4,5,5,5,2,4,Visual,Openness
2/26/2022 19:01,Male,20,Bachelors Degree,No,Yes,4,2,2,Yes,5,No, Watch tutorials or explanation videos, Take a short note,4,1,2,Yes,2,4,5,4,1,4,Visual,Openness
2/26/2022 19:12,Male,20,Bachelors Degree,Yes,Yes,4,5,1,Yes,3,No, Watch tutorials or explanation videos, Observe rather than acts or talk,4,2,2,Yes,3,3,4,5,1,1,Visual,Openness
2/26/2022 19:13,Male,19,Certificate Program,Yes,Yes,5,3,3,No,5,Yes, Associate a feeling with information, Observe rather than acts or talk,4,3,2,Yes,3,3,3,4,2,2,Auditory,Agreeableness
2/26/2022 19:15,Male,19,Bachelors Degree,No,Yes,5,4,3,No,4,Yes, Watch tutorials or explanation videos, Discuss the material among students and instructor,5,4,5,Yes,5,5,3,5,1,4,Visual,Openness
2/26/2022 19:16,Male,20,Bachelors Degree,Yes,Yes,4,3,3,Yes,5,Yes, Watch tutorials or explanation videos, Observe rather than acts or talk,4,3,3,Yes,3,4,4,4,3,4,Visual,Openness
2/26/2022 19:24,Female,21,Post-Secondary Education,Yes,Yes,3,4,1,Yes,5,Yes, Use rhymes to help memorize the notes, Take a short note,3,1,4,Yes,4,4,4,5,3,3,Auditory,Agreeableness
2/26/2022 19:28,Female,19,Certificate Program,No,Yes,3,5,5,Yes,5,Yes, Read notes silently again and again, Take a short note,5,1,4,No,5,5,3,5,1,2,Reading/Writing,Conscientiousness
2/26/2022 19:48,Female,19,Post-Secondary Education,No,Yes,5,3,4,Yes,5,Yes, Watch tutorials or explanation videos, Observe rather than acts or talk,5,3,2,Yes,5,4,4,5,1,4,Reading/Writing,Extroversion
2/26/2022 19:53,Male,25,Bachelors Degree,Yes,Yes,5,5,5,Yes,5,Yes, Watch tutorials or explanation videos, Observe rather than acts or talk,5,5,5,Yes,3,5,5,3,3,5,Reading/Writing,Agreeableness
2/26/2022 19:59,Male,18,Post-Secondary Education,No,Yes,5,5,4,Yes,5,No, Watch tutorials or explanation videos, Discuss the material among students and instructor,5,1,3,Yes,3,5,5,5,4,4,Visual,Openness
2/26/2022 20:08,Male,21,Certificate Program,Yes,Yes,5,4,4,Yes,5,Yes, Watch tutorials or explanation videos, Observe rather than acts or talk,4,3,5,Yes,5,4,4,5,1,2,Visual,Openness
2/26/2022 20:20,Male,23,Bachelors Degree,Yes,Yes,5,3,3,Yes,3,Yes, Watch tutorials or explanation videos, Observe rather than acts or talk,4,3,3,Yes,3,4,3,3,3,3,Visual,Openness
2/26/2022 20:28,Female,20,Bachelors Degree,No,No,5,3,3,Yes,5,Yes, Use rhymes to help memorize the notes, Take a short note,5,3,2,No,2,3,5,5,3,3,Auditory,Agreeableness
2/26/2022 20:36,Female,20,Certificate Program,Yes,Yes,3,2,1,Yes,4,Yes, Watch tutorials or explanation videos, Take a short note,3,3,2,Yes,5,5,5,5,2,2,Visual,Openness
2/26/2022 20:37,Male,21,Bachelors Degree,Yes,No,4,4,4,Yes,4,Yes, Use rhymes to help memorize the notes, Observe rather than acts or talk,4,4,4,Yes,4,4,4,4,4,4,Auditory,Conscientiousness
2/26/2022 20:37,Male,21,Bachelors Degree,Yes,No,4,3,3,No,5,No, Watch tutorials or explanation videos, Discuss the material among students and instructor,4,3,5,Yes,4,4,3,4,1,3,Visual,Openness
2/26/2022 20:37,Male,20,Bachelors Degree,Yes,No,5,5,4,Yes,5,Yes, Watch tutorials or explanation videos, Discuss the material among students and instructor,5,4,3,Yes,5,5,4,5,4,3,Visual,Openness
2/26/2022 21:07,Female,18,Post-Secondary Education,No,Yes,3,2,3,Yes,5,Yes, Watch tutorials or explanation videos, Observe rather than acts or talk,5,1,2,Yes,5,5,5,5,1,5,Visual,Openness
2/26/2022 21:12,Male,19,Bachelors Degree,Yes,Yes,5,5,2,Yes,4,Yes, Watch tutorials or explanation videos, Observe rather than acts or talk,4,4,3,Yes,5,5,5,4,3,1,Visual,Extroversion
2/26/2022 21:16,Female,21,Post-Secondary Education,No,Yes,5,1,3,Yes,3,No, Watch tutorials or explanation videos, Take a short note,3,2,2,No,4,5,5,5,1,1,Visual,Extroversion
2/26/2022 21:31,Male,20,Bachelors Degree,Yes,No,5,3,5,Yes,5,Yes, Associate a feeling with information, Observe rather than acts or talk,5,1,3,Yes,4,3,5,5,3,3,Kinesthetic,Agreeableness
2/26/2022 21:48,Male,21,Post-Secondary Education,Yes,Yes,4,3,4,Yes,4,Yes, Read notes silently again and again, Observe rather than acts or talk,3,2,3,Yes,3,4,4,5,1,2,Reading/Writing,Neuroticism
2/26/2022 21:51,Male,20,Bachelors Degree,No,Yes,5,3,3,Yes,5,Yes, Watch tutorials or explanation videos, Discuss the material among students and instructor,5,4,1,Yes,5,5,5,5,2,1,Visual,Extroversion
2/26/2022 21:51,Male,22,Bachelors Degree,Yes,Yes,5,4,4,Yes,4,Yes, Watch tutorials or explanation videos, Observe rather than acts or talk,5,4,4,Yes,4,4,4,4,2,2,Visual,Agreeableness
2/26/2022 21:58,Female,24,Certificate Program,No,No,5,1,3,Yes,5,Yes, Watch tutorials or explanation videos, Take a short note,4,3,3,Yes,5,5,5,5,1,2,Visual,Openness
2/26/2022 22:00,Male,22,Bachelors Degree,Yes,No,4,4,3,Yes,4,Yes, Watch tutorials or explanation videos, Observe rather than acts or talk,4,4,4,Yes,4,4,4,4,4,4,Visual,Openness
2/26/2022 22:02,Female,22,Bachelors Degree,Yes,Yes,5,5,2,Yes,5,Yes, Watch tutorials or explanation videos, Discuss the material among students and instructor,4,3,4,Yes,5,5,5,5,1,1,Visual,Conscientiousness
2/26/2022 22:03,Male,20,Bachelors Degree,No,Yes,5,3,4,No,5,Yes, Associate a feeling with information, Take a short note,4,4,3,Yes,4,5,4,4,1,1,Reading/Writing,Agreeableness
2/26/2022 22:04,Female,23,Post-Secondary Education,Yes,Yes,5,5,3,Yes,5,Yes, Watch tutorials or explanation videos, Use hands-on activities with objects that can be touched,5,3,5,Yes,5,5,5,5,2,3,Kinesthetic,Neuroticism
2/26/2022 22:04,Male,22,Post-Secondary Education,Yes,Yes,5,5,2,Yes,4,No, Watch tutorials or explanation videos, Observe rather than acts or talk,4,5,3,Yes,5,5,5,5,2,2,Visual,Openness
2/26/2022 22:07,Female,23,Bachelors Degree,No,Yes,5,4,2,Yes,4,Yes, Watch tutorials or explanation videos, Discuss the material among students and instructor,3,3,2,Yes,3,5,5,5,1,4,Visual,Conscientiousness
2/26/2022 22:08,Male,19,Bachelors Degree,Yes,No,5,5,3,Yes,5,No, Watch tutorials or explanation videos, Take a short note,5,4,5,Yes,5,3,5,3,5,3,Reading/Writing,Agreeableness
2/26/2022 22:12,Male,20,Bachelors Degree,Yes,No,5,5,1,No,2,No, Watch tutorials or explanation videos, Discuss the material among students and instructor,4,1,5,Yes,2,2,2,1,5,5,Visual,Openness
2/26/2022 22:20,Female,20,Post-Secondary Education,Yes,Yes,5,4,5,Yes,3,Yes, Watch tutorials or explanation videos, Take a short note,4,3,3,Yes,4,4,5,5,1,3,Reading/Writing,Neuroticism
2/26/2022 22:23,Female,20,Bachelors Degree,Yes,Yes,4,2,4,Yes,5,Yes, Read notes silently again and again, Observe rather than acts or talk,5,2,5,Yes,5,2,3,5,3,2,Reading/Writing,Extroversion
2/26/2022 22:25,Female,21,Certificate Program,Yes,Yes,4,3,3,Yes,5,Yes, Watch tutorials or explanation videos, Take a short note,3,3,3,Yes,3,3,3,3,3,4,Reading/Writing,Agreeableness
2/26/2022 22:25,Female,21,Bachelors Degree,No,No,5,4,4,Yes,4,Yes, Use rhymes to help memorize the notes, Discuss the material among students and instructor,3,3,3,Yes,3,3,3,3,3,3,Auditory,Conscientiousness
2/26/2022 22:26,Female,20,Certificate Program,Yes,No,5,2,4,Yes,4,Yes, Watch tutorials or explanation videos, Take a short note,4,1,3,Yes,3,2,5,5,2,4,Visual,Openness
2/26/2022 22:27,Female,20,Bachelors Degree,No,No,4,2,3,Yes,5,Yes, Watch tutorials or explanation videos, Take a short note,5,3,2,Yes,5,5,5,5,3,1,Visual,Extroversion
2/26/2022 22:27,Male,21,Post-Secondary Education,Yes,No,5,1,3,Yes,5,No, Watch tutorials or explanation videos, Take a short note,4,3,5,Yes,4,3,3,5,1,3,Visual,Openness
2/26/2022 22:28,Male,20,Post-Secondary Education,Yes,No,5,5,3,Yes,2,No, Watch tutorials or explanation videos, Take a short note,4,3,2,Yes,2,4,3,4,2,5,Visual,Agreeableness
2/26/2022 22:29,Female,22,Certificate Program,No,Yes,5,5,5,Yes,5,No, Use rhymes to help memorize the notes, Use hands-on activities with objects that can be touched,5,1,4,Yes,5,5,5,5,1,3,Kinesthetic,Neuroticism
2/26/2022 22:30,Male,21,Certificate Program,No,No,3,2,3,Yes,3,Yes, Watch tutorials or explanation videos, Observe rather than acts or talk,3,3,3,No,5,4,5,5,1,4,Visual,Openness
2/26/2022 22:32,Male,21,Post-Secondary Education,No,No,5,4,3,Yes,3,Yes, Watch tutorials or explanation videos, Observe rather than acts or talk,5,4,4,Yes,4,5,4,5,2,1,Visual,Conscientiousness
2/26/2022 22:32,Male,23,Post-Secondary Education,Yes,No,2,4,2,No,5,No, Watch tutorials or explanation videos, Observe rather than acts or talk,3,3,2,Yes,1,3,4,4,3,3,Visual,Openness
2/26/2022 22:32,Female,21,Bachelors Degree,Yes,No,3,1,2,Yes,3,Yes, Watch tutorials or explanation videos, Take a short note,4,2,3,Yes,4,1,5,4,2,5,Reading/Writing,Agreeableness
2/26/2022 22:35,Male,18,Certificate Program,Yes,Yes,5,5,5,No,5,Yes, Watch tutorials or explanation videos, Observe rather than acts or talk,3,3,3,Yes,3,5,5,5,2,1,Visual,Extroversion
2/26/2022 22:39,Male,21,Certificate Program,No,No,5,3,1,Yes,5,Yes, Watch tutorials or explanation videos, Take a short note,3,3,2,Yes,5,5,5,5,1,4,Reading/Writing,Agreeableness
2/26/2022 22:39,Female,22,Certificate Program,No,No,4,4,2,Yes,4,Yes, Read notes silently again and again, Take a short note,3,2,4,Yes,3,4,3,3,3,4,Reading/Writing,Neuroticism
2/26/2022 22:40,Male,26,Masters Degree,No,Yes,5,3,5,Yes,4,Yes, Watch tutorials or explanation videos, Observe rather than acts or talk,3,3,3,Yes,3,5,5,5,1,4,Visual,Openness
2/26/2022 22:44,Female,20,Post-Secondary Education,Yes,No,4,5,2,Yes,5,Yes, Associate a feeling with information, Observe rather than acts or talk,4,3,2,Yes,5,3,3,3,2,4,Kinesthetic,Neuroticism
2/26/2022 22:44,Female,21,Certificate Program,Yes,Yes,5,5,3,Yes,3,Yes, Read notes silently again and again, Take a short note,5,3,5,Yes,4,5,5,4,1,2,Reading/Writing,Extroversion
2/26/2022 22:47,Female,21,Post-Secondary Education,Yes,No,3,3,3,Yes,3,Yes, Watch tutorials or explanation videos, Discuss the material among students and instructor,3,3,3,Yes,3,3,3,3,3,4,Auditory,Agreeableness
2/26/2022 22:47,Male,21,Bachelors Degree,Yes,Yes,5,3,1,Yes,5,Yes, Watch tutorials or explanation videos, Take a short note,4,3,3,Yes,5,5,4,4,2,3,Reading/Writing,Conscientiousness
2/26/2022 22:47,Male,20,Certificate Program,Yes,No,3,3,3,Yes,3,Yes, Associate a feeling with information, Observe rather than acts or talk,4,3,4,Yes,3,3,3,3,2,4,Reading/Writing,Neuroticism
2/26/2022 22:47,Female,23,Bachelors Degree,Yes,Yes,5,3,3,Yes,4,Yes, Watch tutorials or explanation videos, Take a short note,4,3,3,Yes,4,4,4,5,1,2,Reading/Writing,Agreeableness
2/26/2022 22:48,Male,17,Post-Secondary Education,Yes,Yes,4,5,2,Yes,5,Yes, Watch tutorials or explanation videos, Observe rather than acts or talk,4,2,4,Yes,3,2,4,5,1,2,Visual,Openness
2/26/2022 22:49,Male,22,Post-Secondary Education,Yes,Yes,5,3,3,Yes,5,No, Watch tutorials or explanation videos, Observe rather than acts or talk,5,2,2,Yes,2,2,5,4,4,4,Visual,Openness
2/26/2022 22:51,Female,20,Certificate Program,Yes,Yes,3,5,4,Yes,5,Yes, Watch tutorials or explanation videos, Discuss the material among students and instructor,5,4,4,Yes,5,3,4,5,2,5,Visual,Extroversion
2/26/2022 22:51,Female,21,Certificate Program,Yes,No,3,2,5,Yes,3,No, Associate a feeling with information, Observe rather than acts or talk,2,1,3,Yes,4,3,4,4,2,4,Kinesthetic,Agreeableness
2/26/2022 22:54,Male,25,Bachelors Degree,No,No,5,2,4,Yes,5,Yes, Watch tutorials or explanation videos, Observe rather than acts or talk,5,3,2,Yes,3,2,5,4,3,4,Visual,Conscientiousness
2/26/2022 22:56,Female,22,Post-Secondary Education,Yes,No,3,3,2,Yes,3,No, Read notes silently again and again, Take a short note,3,2,3,Yes,4,3,3,4,2,3,Reading/Writing,Extroversion
2/26/2022 22:57,Male,20,Post-Secondary Education,No,Yes,4,2,1,Yes,4,No, Associate a feeling with information, Discuss the material among students and instructor,4,3,3,No,5,4,4,5,1,3,Kinesthetic,Agreeableness
2/26/2022 22:57,Female,20,Post-Secondary Education,No,No,5,5,1,No,5,Yes, Watch tutorials or explanation videos, Take a short note,2,1,5,Yes,5,4,4,5,1,4,Reading/Writing,Neuroticism
2/26/2022 22:59,Male,21,Bachelors Degree,Yes,Yes,5,3,3,Yes,5,No, Watch tutorials or explanation videos, Observe rather than acts or talk,5,3,3,Yes,5,3,5,5,3,4,Visual,Openness
2/26/2022 23:01,Male,22,Bachelors Degree,Yes,No,5,3,3,Yes,4,No, Watch tutorials or explanation videos, Observe rather than acts or talk,3,3,4,Yes,4,3,3,3,1,5,Visual,Openness
2/26/2022 23:03,Male,25,Bachelors Degree,Yes,Yes,3,2,2,Yes,4,Yes, Watch tutorials or explanation videos, Discuss the material among students and instructor,3,3,4,Yes,3,3,2,3,2,3,Visual,Extroversion
2/26/2022 23:04,Female,18,Certificate Program,Yes,No,5,1,4,No,5,Yes, Read notes silently again and again, Take a short note,4,3,5,Yes,4,4,5,5,2,5,Reading/Writing,Agreeableness
2/26/2022 23:04,Female,21,Bachelors Degree,Yes,Yes,5,3,2,Yes,3,Yes, Watch tutorials or explanation videos, Observe rather than acts or talk,3,3,4,No,4,5,4,5,2,2,Visual,Openness
2/26/2022 23:09,Female,20,Post-Secondary Education,Yes,No,5,3,3,Yes,5,Yes, Read notes silently again and again, Take a short note,4,3,5,Yes,5,3,4,5,1,2,Kinesthetic,Agreeableness
2/26/2022 23:10,Female,23,Certificate Program,No,No,5,5,4,Yes,4,Yes, Watch tutorials or explanation videos, Discuss the material among students and instructor,5,3,3,Yes,5,5,5,5,2,5,Reading/Writing,Neuroticism
2/26/2022 23:10,Male,25,Bachelors Degree,Yes,No,4,4,2,Yes,4,Yes, Watch tutorials or explanation videos, Observe rather than acts or talk,3,4,2,Yes,4,3,4,5,3,3,Visual,Openness
2/26/2022 23:11,Male,24,Bachelors Degree,Yes,Yes,5,2,3,No,5,Yes, Watch tutorials or explanation videos, Observe rather than acts or talk,5,3,5,Yes,5,3,4,5,3,2,Visual,Openness
2/26/2022 23:12,Female,22,Certificate Program,Yes,No,2,2,1,Yes,3,Yes, Read notes silently again and again, Observe rather than acts or talk,5,4,3,Yes,5,2,5,5,2,2,Reading/Writing,Neuroticism
2/26/2022 23:15,Female,20,Certificate Program,No,Yes,5,4,1,Yes,4,Yes, Watch tutorials or explanation videos, Observe rather than acts or talk,2,1,2,Yes,3,4,2,3,2,3,Reading/Writing,Extroversion
2/26/2022 23:15,Female,20,Bachelors Degree,No,Yes,4,4,3,Yes,4,No, Watch tutorials or explanation videos, Take a short note,3,3,3,Yes,5,5,5,5,1,1,Reading/Writing,Agreeableness
2/26/2022 23:16,Female,23,Bachelors Degree,No,Yes,5,5,3,Yes,4,Yes, Watch tutorials or explanation videos, Take a short note,3,3,4,Yes,4,4,5,5,1,2,Visual,Openness
2/26/2022 23:21,Female,20,Certificate Program,Yes,No,5,3,2,Yes,4,No, Associate a feeling with information, Use hands-on activities with objects that can be touched,3,3,5,Yes,5,3,4,5,1,2,Kinesthetic,Conscientiousness
2/26/2022 23:22,Male,19,Post-Secondary Education,Yes,No,5,3,4,Yes,4,Yes, Watch tutorials or explanation videos, Discuss the material among students and instructor,4,2,3,Yes,4,4,3,5,3,4,Visual,Openness
2/26/2022 23:26,Female,20,Certificate Program,Yes,No,4,4,4,Yes,5,Yes, Watch tutorials or explanation videos, Observe rather than acts or talk,4,2,5,Yes,5,5,5,5,1,2,Visual,Openness
2/26/2022 23:27,Female,20,Post-Secondary Education,No,Yes,5,3,1,Yes,5,No, Watch tutorials or explanation videos, Observe rather than acts or talk,4,1,1,Yes,5,2,5,5,1,1,Visual,Openness
2/26/2022 23:29,Male,20,Bachelors Degree,Yes,Yes,5,4,5,No,5,Yes, Watch tutorials or explanation videos, Use hands-on activities with objects that can be touched,5,1,4,Yes,5,4,5,5,1,1,Kinesthetic,Agreeableness
2/26/2022 23:31,Female,20,Certificate Program,Yes,Yes,5,3,3,Yes,3,Yes, Read notes silently again and again, Observe rather than acts or talk,3,2,2,Yes,4,4,4,4,3,5,Reading/Writing,Conscientiousness
2/26/2022 23:34,Female,20,Certificate Program,No,Yes,4,4,2,Yes,3,Yes, Watch tutorials or explanation videos, Take a short note,3,3,2,Yes,3,4,5,5,3,5,Reading/Writing,Extroversion
2/26/2022 23:37,Female,19,Post-Secondary Education,Yes,Yes,5,5,2,Yes,3,Yes, Use rhymes to help memorize the notes, Observe rather than acts or talk,5,3,1,Yes,4,4,4,4,3,3,Auditory,Neuroticism
2/26/2022 23:42,Male,21,Bachelors Degree,Yes,No,4,5,4,Yes,5,Yes, Watch tutorials or explanation videos, Discuss the material among students and instructor,5,5,5,Yes,5,5,5,5,2,1,Visual,Openness
2/26/2022 23:45,Female,23,Bachelors Degree,Yes,No,5,4,4,Yes,4,Yes, Watch tutorials or explanation videos, Take a short note,2,3,2,Yes,3,3,4,4,2,3,Reading/Writing,Extroversion
2/26/2022 23:48,Male,20,Post-Secondary Education,No,Yes,5,1,2,Yes,4,Yes, Associate a feeling with information, Use hands-on activities with objects that can be touched,5,4,3,Yes,5,5,2,3,5,3,Kinesthetic,Agreeableness
2/26/2022 23:52,Male,21,Bachelors Degree,No,Yes,5,4,3,Yes,5,Yes, Use rhymes to help memorize the notes, Take a short note,4,3,4,Yes,5,3,5,5,1,5,Auditory,Extroversion
2/26/2022 23:54,Female,21,Bachelors Degree,Yes,Yes,5,5,5,Yes,4,Yes, Associate a feeling with information, Use hands-on activities with objects that can be touched,3,1,4,Yes,4,5,4,4,2,3,Kinesthetic,Conscientiousness
2/26/2022 23:55,Male,21,Bachelors Degree,Yes,No,4,1,4,Yes,5,Yes, Read notes silently again and again, Discuss the material among students and instructor,4,1,3,Yes,4,4,5,5,1,4,Reading/Writing,Extroversion
2/27/2022 0:00,Male,19,Post-Secondary Education,No,Yes,3,1,2,Yes,5,Yes, Watch tutorials or explanation videos, Discuss the material among students and instructor,4,3,3,Yes,4,5,4,4,2,3,Visual,Openness
2/27/2022 0:03,Female,23,Bachelors Degree,No,Yes,5,3,3,Yes,4,Yes, Watch tutorials or explanation videos, Take a short note,4,3,5,Yes,4,5,4,4,3,4,Reading/Writing,Neuroticism
2/27/2022 0:10,Male,21,Certificate Program,Yes,No,5,5,1,Yes,5,Yes, Watch tutorials or explanation videos, Use hands-on activities with objects that can be touched,3,3,2,Yes,3,2,2,3,1,1,Kinesthetic,Neuroticism
2/27/2022 0:27,Female,24,Bachelors Degree,No,Yes,4,4,3,Yes,3,No, Watch tutorials or explanation videos, Take a short note,5,1,2,Yes,4,4,5,5,1,5,Reading/Writing,Extroversion
2/27/2022 0:41,Female,21,Bachelors Degree,No,Yes,3,3,5,Yes,5,Yes, Read notes silently again and again, Take a short note,5,1,4,Yes,3,1,3,5,1,1,Reading/Writing,Extroversion
2/27/2022 0:50,Male,19,Certificate Program,Yes,Yes,5,4,3,Yes,5,Yes, Watch tutorials or explanation videos, Observe rather than acts or talk,4,3,4,Yes,4,4,4,4,3,2,Visual,Openness
2/27/2022 0:55,Female,20,Post-Secondary Education,Yes,No,4,3,3,Yes,2,No, Watch tutorials or explanation videos, Observe rather than acts or talk,2,1,2,Yes,3,3,3,3,2,3,Visual,Openness
2/27/2022 1:05,Female,20,Post-Secondary Education,No,Yes,4,3,4,Yes,5,Yes, Watch tutorials or explanation videos, Take a short note,5,3,4,Yes,5,4,5,5,3,3,Reading/Writing,Agreeableness
2/27/2022 1:27,Male,20,Bachelors Degree,Yes,No,5,3,4,Yes,4,No, Watch tutorials or explanation videos, Take a short note,3,3,3,Yes,5,4,4,5,1,4,Reading/Writing,Extroversion
2/27/2022 1:35,Female,20,Bachelors Degree,No,No,5,3,2,Yes,5,No, Watch tutorials or explanation videos, Observe rather than acts or talk,4,1,1,Yes,2,1,3,3,1,4,Visual,Openness
2/27/2022 1:42,Female,21,Post-Secondary Education,Yes,No,5,2,4,Yes,3,Yes, Read notes silently again and again, Use hands-on activities with objects that can be touched,5,2,3,Yes,3,2,4,5,1,4,Reading/Writing,Conscientiousness
2/27/2022 2:18,Male,20,Post-Secondary Education,Yes,Yes,5,3,4,Yes,4,Yes, Read notes silently again and again, Discuss the material among students and instructor,3,3,5,Yes,5,5,3,5,1,3,Reading/Writing,Agreeableness
2/27/2022 2:38,Female,21,Post-Secondary Education,No,No,3,2,3,Yes,4,No, Read notes silently again and again, Observe rather than acts or talk,4,3,2,Yes,5,5,4,5,3,3,Reading/Writing,Extroversion
2/27/2022 4:25,Female,21,Post-Secondary Education,No,Yes,5,3,2,Yes,3,Yes, Read notes silently again and again, Observe rather than acts or talk,4,1,2,Yes,4,3,3,4,1,2,Visual,Openness
2/27/2022 4:45,Female,20,Specialist Degree,Yes,Yes,5,2,3,Yes,4,Yes, Watch tutorials or explanation videos, Discuss the material among students and instructor,4,1,2,Yes,5,4,4,5,3,3,Kinesthetic,Extroversion
2/27/2022 5:23,Female,20,Post-Secondary Education,No,Yes,5,5,3,Yes,5,Yes, Watch tutorials or explanation videos, Use hands-on activities with objects that can be touched,5,1,4,Yes,5,5,5,5,1,3,Kinesthetic,Extroversion
2/27/2022 6:05,Female,21,Certificate Program,No,Yes,4,4,3,Yes,4,Yes, Use rhymes to help memorize the notes, Take a short note,3,3,5,Yes,5,4,4,5,2,3,Auditory,Neuroticism
2/27/2022 6:11,Male,21,Certificate Program,No,Yes,4,3,3,Yes,4,Yes, Read notes silently again and again, Observe rather than acts or talk,3,4,3,No,4,5,4,5,2,3,Reading/Writing,Extroversion
2/27/2022 6:45,Female,19,Post-Secondary Education,Yes,No,5,5,3,No,5,Yes, Watch tutorials or explanation videos, Take a short note,4,3,5,Yes,4,4,5,4,2,1,Reading/Writing,Conscientiousness
2/27/2022 6:59,Female,21,Certificate Program,Yes,Yes,5,3,2,Yes,5,Yes, Watch tutorials or explanation videos, Discuss the material among students and instructor,4,1,4,Yes,5,5,5,5,2,4,Visual,Openness
2/27/2022 6:59,Female,20,Certificate Program,No,Yes,4,4,2,Yes,5,Yes, Read notes silently again and again, Observe rather than acts or talk,3,4,4,Yes,4,5,5,5,1,2,Visual,Openness
2/27/2022 7:06,Male,23,Bachelors Degree,Yes,Yes,5,4,2,No,5,Yes, Watch tutorials or explanation videos, Take a short note,3,3,4,Yes,5,4,4,4,1,2,Reading/Writing,Conscientiousness
2/27/2022 7:12,Female,20,Certificate Program,No,Yes,4,2,3,Yes,3,Yes, Watch tutorials or explanation videos, Take a short note,3,2,3,Yes,3,2,3,4,4,4,Reading/Writing,Extroversion
2/27/2022 7:19,Female,20,Post-Secondary Education,No,Yes,5,4,5,Yes,5,Yes, Read notes silently again and again, Take a short note,5,3,4,Yes,5,5,5,5,1,4,Reading/Writing,Conscientiousness
2/27/2022 7:21,Female,20,Certificate Program,No,Yes,3,4,5,No,5,No, Read notes silently again and again, Use hands-on activities with objects that can be touched,3,3,3,Yes,4,4,5,5,2,2,Reading/Writing,Extroversion
2/27/2022 7:41,Male,20,Bachelors Degree,Yes,Yes,5,5,5,Yes,5,Yes, Watch tutorials or explanation videos, Observe rather than acts or talk,5,3,5,Yes,5,5,5,5,5,2,Visual,Openness
2/27/2022 7:44,Male,20,Post-Secondary Education,Yes,Yes,5,4,3,Yes,5,Yes, Watch tutorials or explanation videos, Discuss the material among students and instructor,5,1,2,Yes,4,4,4,5,2,4,Visual,Openness
2/27/2022 8:03,Female,21,Post-Secondary Education,Yes,Yes,2,3,5,Yes,4,No, Read notes silently again and again, Discuss the material among students and instructor,3,1,2,Yes,3,1,3,2,2,4,Reading/Writing,Agreeableness
2/27/2022 8:04,Female,20,Certificate Program,Yes,Yes,3,2,3,Yes,3,No, Watch tutorials or explanation videos, Take a short note,2,2,4,Yes,5,4,4,4,3,5,Visual,Openness
2/27/2022 8:14,Male,25,Specialist Degree,Yes,Yes,4,3,2,Yes,5,Yes, Read notes silently again and again, Take a short note,3,3,3,Yes,4,5,5,5,5,5,Reading/Writing,Conscientiousness
2/27/2022 8:17,Female,20,Post-Secondary Education,Yes,No,4,4,3,Yes,5,Yes, Read notes silently again and again, Take a short note,4,1,4,Yes,4,1,5,5,2,1,Reading/Writing,Neuroticism
2/27/2022 8:17,Female,20,Post-Secondary Education,Yes,Yes,5,1,2,Yes,5,Yes, Watch tutorials or explanation videos, Use hands-on activities with objects that can be touched,3,2,2,Yes,5,3,5,5,1,5,Kinesthetic,Agreeableness
2/27/2022 8:20,Female,20,Post-Secondary Education,No,No,5,2,2,No,4,No, Watch tutorials or explanation videos, Take a short note,4,4,4,Yes,4,4,4,5,3,5,Visual,Openness
2/27/2022 8:22,Male,20,Bachelors Degree,Yes,Yes,3,2,3,Yes,5,Yes, Watch tutorials or explanation videos, Observe rather than acts or talk,3,2,4,Yes,4,4,4,5,2,2,Visual,Openness
2/27/2022 8:26,Male,20,Post-Secondary Education,Yes,Yes,3,4,3,Yes,5,No, Use rhymes to help memorize the notes, Use hands-on activities with objects that can be touched,4,4,4,Yes,3,4,4,5,3,3,Auditory,Conscientiousness
2/27/2022 8:34,Female,20,Post-Secondary Education,Yes,Yes,5,3,5,Yes,3,No, Watch tutorials or explanation videos, Take a short note,3,1,3,Yes,4,3,5,5,3,3,Reading/Writing,Agreeableness
2/27/2022 8:37,Female,23,Bachelors Degree,No,Yes,4,3,2,Yes,3,No, Watch tutorials or explanation videos, Take a short note,3,3,3,Yes,5,4,4,4,1,3,Visual,Openness
2/27/2022 8:46,Female,20,Certificate Program,Yes,Yes,4,3,3,Yes,5,Yes, Read notes silently again and again, Take a short note,4,3,3,Yes,4,4,4,4,1,2,Reading/Writing,Conscientiousness
2/27/2022 8:46,Female,27,Certificate Program,No,Yes,3,5,3,Yes,5,Yes, Watch tutorials or explanation videos, Observe rather than acts or talk,3,3,3,Yes,3,3,5,5,1,2,Visual,Openness
2/27/2022 8:48,Female,23,Bachelors Degree,Yes,No,5,4,4,Yes,4,Yes, Watch tutorials or explanation videos, Take a short note,3,3,2,Yes,5,3,4,5,1,3,Reading/Writing,Conscientiousness
2/27/2022 8:48,Female,19,Certificate Program,No,Yes,4,5,2,Yes,4,No, Watch tutorials or explanation videos, Observe rather than acts or talk,2,1,4,Yes,5,5,4,5,2,5,Visual,Openness
2/27/2022 8:57,Male,25,Certificate Program,No,Yes,5,3,4,Yes,5,Yes, Watch tutorials or explanation videos, Observe rather than acts or talk,5,3,5,Yes,4,4,5,5,3,4,Visual,Agreeableness
2/27/2022 9:04,Male,16,Post-Secondary Education,No,Yes,5,4,2,Yes,5,Yes, Watch tutorials or explanation videos, Observe rather than acts or talk,3,2,3,Yes,2,5,5,5,3,4,Visual,Extroversion
2/27/2022 9:16,Female,20,Certificate Program,Yes,Yes,5,3,2,Yes,5,Yes, Read notes silently again and again, Take a short note,3,1,3,Yes,3,3,3,3,3,3,Reading/Writing,Neuroticism
2/27/2022 9:46,Male,20,Certificate Program,Yes,No,4,3,4,Yes,4,Yes, Watch tutorials or explanation videos, Discuss the material among students and instructor,4,3,4,Yes,4,4,3,4,2,2,Visual,Agreeableness
2/27/2022 9:58,Female,27,Bachelors Degree,No,Yes,5,3,2,Yes,5,Yes, Watch tutorials or explanation videos, Discuss the material among students and instructor,3,3,2,Yes,4,4,5,5,1,3,Visual,Openness
2/27/2022 10:00,Female,23,Bachelors Degree,No,No,5,3,5,Yes,4,Yes, Watch tutorials or explanation videos, Take a short note,5,1,5,Yes,5,4,5,5,2,3,Reading/Writing,Conscientiousness
2/27/2022 10:05,Male,20,Post-Secondary Education,Yes,No,5,3,4,Yes,4,Yes, Watch tutorials or explanation videos, Take a short note,4,2,2,Yes,4,4,3,4,2,3,Reading/Writing,Conscientiousness
2/27/2022 10:13,Female,20,Post-Secondary Education,Yes,Yes,4,3,5,No,4,No, Read notes silently again and again, Observe rather than acts or talk,3,2,2,Yes,4,2,5,5,3,4,Reading/Writing,Agreeableness
2/27/2022 10:20,Female,20,Certificate Program,No,Yes,5,2,3,Yes,5,Yes, Watch tutorials or explanation videos, Take a short note,4,2,3,Yes,3,5,3,4,1,2,Reading/Writing,Extroversion
2/27/2022 10:20,Female,19,Certificate Program,Yes,Yes,5,3,4,No,5,Yes, Associate a feeling with information, Discuss the material among students and instructor,3,1,5,Yes,4,5,4,5,1,3,Kinesthetic,Extroversion
2/27/2022 10:26,Female,20,Certificate Program,No,Yes,2,5,4,Yes,5,Yes, Read notes silently again and again, Take a short note,5,1,3,No,5,5,5,5,3,3,Reading/Writing,Extroversion
2/27/2022 10:40,Male,22,Post-Secondary Education,No,Yes,5,5,3,No,5,Yes, Watch tutorials or explanation videos, Observe rather than acts or talk,4,3,4,Yes,5,5,5,5,2,1,Visual,Agreeableness
2/27/2022 10:41,Female,15,Post-Secondary Education,No,Yes,5,5,3,Yes,3,No, Read notes silently again and again, Observe rather than acts or talk,4,5,2,Yes,4,5,3,5,1,5,Reading/Writing,Conscientiousness
2/27/2022 10:46,Female,20,Post-Secondary Education,No,Yes,4,3,4,Yes,4,Yes, Watch tutorials or explanation videos, Observe rather than acts or talk,5,1,4,Yes,4,5,4,5,1,3,Visual,Agreeableness
2/27/2022 10:49,Female,13,Certificate Program,Yes,Yes,5,4,3,No,5,No, Watch tutorials or explanation videos, Use hands-on activities with objects that can be touched,4,4,4,Yes,4,2,3,4,1,3,Kinesthetic,Agreeableness
2/27/2022 11:04,Female,16,Post-Secondary Education,No,No,5,1,3,Yes,3,Yes, Associate a feeling with information, Observe rather than acts or talk,4,1,5,Yes,4,3,5,5,2,1,Kinesthetic,Conscientiousness
2/27/2022 11:07,Male,26,Bachelors Degree,No,Yes,4,3,4,Yes,5,Yes, Watch tutorials or explanation videos, Observe rather than acts or talk,5,2,2,Yes,3,3,3,4,2,2,Visual,Openness
2/27/2022 11:11,Female,24,Bachelors Degree,No,Yes,4,3,3,Yes,3,Yes, Watch tutorials or explanation videos, Take a short note,3,2,3,Yes,4,3,3,4,3,3,Visual,Agreeableness
2/27/2022 11:24,Male,25,Bachelors Degree,Yes,Yes,5,3,4,Yes,4,Yes, Read notes silently again and again, Take a short note,4,4,5,Yes,5,5,4,5,3,4,Reading/Writing,Conscientiousness
2/27/2022 11:35,Male,18,Post-Secondary Education,No,Yes,5,5,2,Yes,5,Yes, Watch tutorials or explanation videos, Observe rather than acts or talk,3,2,4,Yes,4,5,4,5,2,2,Visual,Openness
2/27/2022 11:40,Male,25,Bachelors Degree,Yes,Yes,4,4,3,Yes,5,Yes, Watch tutorials or explanation videos, Take a short note,4,3,4,Yes,5,4,5,5,2,3,Reading/Writing,Openness
2/27/2022 11:50,Female,25,Specialist Degree,Yes,No,4,3,3,Yes,4,Yes, Watch tutorials or explanation videos, Take a short note,3,3,3,Yes,4,4,5,5,3,4,Reading/Writing,Extroversion
2/27/2022 12:03,Female,25,Bachelors Degree,Yes,Yes,2,3,4,Yes,5,No, Associate a feeling with information, Take a short note,5,3,5,Yes,4,2,4,3,3,3,Kinesthetic,Extroversion
2/27/2022 12:11,Male,22,Bachelors Degree,Yes,Yes,5,1,2,Yes,5,Yes, Use rhymes to help memorize the notes, Observe rather than acts or talk,5,4,5,Yes,5,5,5,5,1,3,Auditory,Conscientiousness
2/27/2022 12:40,Female,23,Bachelors Degree,Yes,Yes,4,5,4,Yes,3,No, Watch tutorials or explanation videos, Observe rather than acts or talk,3,2,5,Yes,5,3,4,5,1,3,Visual,Agreeableness
2/27/2022 12:57,Male,17,Post-Secondary Education,No,No,2,3,4,Yes,5,Yes, Read notes silently again and again, Observe rather than acts or talk,4,4,4,Yes,4,2,4,4,2,4,Reading/Writing,Extroversion
2/27/2022 13:27,Male,21,Bachelors Degree,No,Yes,4,4,5,Yes,5,Yes, Watch tutorials or explanation videos, Use hands-on activities with objects that can be touched,4,1,2,Yes,5,5,5,5,1,2,Kinesthetic,Neuroticism
2/27/2022 13:27,Female,25,Bachelors Degree,No,Yes,5,3,3,Yes,5,Yes, Watch tutorials or explanation videos, Discuss the material among students and instructor,4,2,4,Yes,5,5,5,5,3,3,Auditory,Conscientiousness
2/27/2022 13:41,Female,20,Post-Secondary Education,No,No,4,4,4,Yes,4,Yes, Watch tutorials or explanation videos, Take a short note,4,1,3,Yes,5,3,5,5,1,2,Reading/Writing,Extroversion
2/27/2022 14:03,Male,16,Post-Secondary Education,Yes,Yes,4,4,1,No,5,No, Read notes silently again and again, Use hands-on activities with objects that can be touched,4,4,3,Yes,5,5,3,5,2,1,Kinesthetic,Extroversion
2/27/2022 14:08,Male,17,Post-Secondary Education,No,Yes,5,5,1,Yes,4,Yes, Watch tutorials or explanation videos, Observe rather than acts or talk,4,3,5,Yes,5,5,3,5,1,3,Visual,Openness
2/27/2022 14:41,Male,21,Post-Secondary Education,No,Yes,5,2,4,Yes,5,Yes, Watch tutorials or explanation videos, Observe rather than acts or talk,5,2,5,Yes,5,1,5,5,5,1,Visual,Openness
2/27/2022 15:12,Female,26,Bachelors Degree,Yes,Yes,5,5,4,Yes,5,Yes, Watch tutorials or explanation videos, Observe rather than acts or talk,4,3,4,Yes,5,4,5,5,5,4,Visual,Conscientiousness
2/27/2022 15:52,Female,20,Post-Secondary Education,Yes,Yes,5,3,4,No,5,No, Watch tutorials or explanation videos, Take a short note,4,3,5,Yes,4,2,3,4,2,4,Reading/Writing,Extroversion
2/27/2022 16:00,Female,20,Certificate Program,Yes,Yes,5,5,3,Yes,3,Yes, Watch tutorials or explanation videos, Use hands-on activities with objects that can be touched,4,4,2,No,3,2,5,4,1,3,Kinesthetic,Conscientiousness
2/27/2022 16:25,Male,20,Certificate Program,Yes,Yes,5,5,3,Yes,3,Yes, Watch tutorials or explanation videos, Observe rather than acts or talk,5,3,5,Yes,5,3,4,5,2,2,Visual,Agreeableness
2/27/2022 16:32,Female,20,Post-Secondary Education,No,No,3,3,5,Yes,5,Yes, Watch tutorials or explanation videos, Observe rather than acts or talk,4,2,2,No,5,4,4,5,3,1,Visual,Openness
2/27/2022 16:51,Male,24,Bachelors Degree,Yes,Yes,4,4,3,No,5,Yes, Watch tutorials or explanation videos, Take a short note,4,2,3,Yes,3,4,5,4,5,5,Reading/Writing,Extroversion
2/27/2022 19:21,Female,21,Post-Secondary Education,Yes,No,4,3,2,Yes,4,Yes, Watch tutorials or explanation videos, Observe rather than acts or talk,2,1,3,Yes,4,3,4,4,1,2,Visual,Openness
2/27/2022 19:22,Male,20,Post-Secondary Education,No,Yes,5,5,1,Yes,5,Yes, Watch tutorials or explanation videos, Observe rather than acts or talk,5,5,3,Yes,5,5,5,5,2,3,Visual,Agreeableness
2/27/2022 19:47,Female,24,Certificate Program,Yes,Yes,5,2,3,Yes,5,No, Read notes silently again and again, Observe rather than acts or talk,1,2,5,Yes,3,1,4,5,5,1,Visual,Openness
2/27/2022 20:08,Female,16,Post-Secondary Education,Yes,Yes,5,4,3,No,5,No, Watch tutorials or explanation videos, Use hands-on activities with objects that can be touched,5,5,3,Yes,3,2,4,4,2,3,Kinesthetic,Neuroticism
2/27/2022 20:08,Male,23,Certificate Program,No,No,3,4,4,Yes,4,No, Read notes silently again and again, Take a short note,3,4,4,Yes,4,4,3,5,2,3,Reading/Writing,Extroversion
2/27/2022 20:15,Male,19,Certificate Program,Yes,Yes,5,1,4,Yes,3,No, Watch tutorials or explanation videos, Take a short note,5,1,4,Yes,3,4,4,3,2,1,Reading/Writing,Extroversion
2/27/2022 20:46,Male,20,Certificate Program,No,Yes,5,3,4,Yes,5,Yes, Use rhymes to help memorize the notes, Observe rather than acts or talk,4,4,3,Yes,5,4,4,4,2,3,Auditory,Conscientiousness
2/27/2022 20:53,Female,21,Certificate Program,Yes,No,5,1,2,No,5,Yes, Watch tutorials or explanation videos, Take a short note,3,2,2,Yes,3,3,5,5,1,2,Visual,Openness
2/27/2022 21:22,Female,18,Post-Secondary Education,No,No,3,2,3,Yes,5,Yes, Watch tutorials or explanation videos, Take a short note,3,3,4,Yes,5,5,5,5,2,3,Visual,Openness
2/27/2022 21:23,Male,18,Post-Secondary Education,Yes,Yes,4,5,3,Yes,4,Yes, Read notes silently again and again, Take a short note,4,3,3,Yes,4,4,4,4,3,2,Reading/Writing,Extroversion
2/27/2022 22:32,Male,20,Post-Secondary Education,Yes,Yes,4,4,3,Yes,5,Yes, Read notes silently again and again, Observe rather than acts or talk,5,4,2,Yes,4,5,5,5,2,3,Reading/Writing,Extroversion
2/27/2022 22:47,Male,21,Bachelors Degree,No,No,5,3,4,Yes,5,Yes, Watch tutorials or explanation videos, Discuss the material among students and instructor,4,5,4,Yes,5,4,5,5,3,4,Visual,Openness
2/27/2022 22:59,Male,19,Post-Secondary Education,Yes,No,3,4,4,Yes,3,Yes, Watch tutorials or explanation videos, Observe rather than acts or talk,4,4,2,Yes,5,2,2,2,2,2,Visual,Openness
2/27/2022 23:14,Male,20,Doctorate Degree,Yes,Yes,4,2,1,Yes,4,Yes, Read notes silently again and again, Observe rather than acts or talk,4,1,3,Yes,4,3,4,5,2,4,Reading/Writing,Extroversion
2/27/2022 23:19,Male,23,Certificate Program,Yes,Yes,3,3,2,Yes,3,Yes, Associate a feeling with information, Take a short note,2,2,5,Yes,3,4,4,5,1,4,Kinesthetic,Neuroticism
2/28/2022 0:10,Female,21,Bachelors Degree,Yes,Yes,4,3,3,Yes,4,Yes, Associate a feeling with information, Take a short note,4,3,5,Yes,4,5,5,5,3,4,Kinesthetic,Neuroticism
2/28/2022 0:22,Male,22,Certificate Program,Yes,Yes,5,2,3,Yes,5,Yes, Watch tutorials or explanation videos, Take a short note,2,2,4,Yes,4,4,5,5,1,3,Visual,Openness
2/28/2022 1:51,Male,22,Bachelors Degree,No,Yes,4,3,4,Yes,5,Yes, Watch tutorials or explanation videos, Observe rather than acts or talk,5,4,3,Yes,5,5,5,5,3,2,Visual,Openness
2/28/2022 4:39,Male,21,Bachelors Degree,Yes,No,4,3,4,Yes,4,No, Watch tutorials or explanation videos, Observe rather than acts or talk,3,4,5,Yes,1,2,3,3,1,3,Visual,Openness
2/28/2022 7:29,Male,27,Bachelors Degree,No,Yes,5,2,4,Yes,5,Yes, Watch tutorials or explanation videos, Take a short note,4,3,4,Yes,4,3,5,4,2,3,Visual,Openness
2/28/2022 8:16,Female,20,Post-Secondary Education,No,No,2,2,3,Yes,3,Yes, Watch tutorials or explanation videos, Take a short note,4,2,3,Yes,2,3,3,5,4,4,Visual,Openness
2/28/2022 10:54,Male,20,Certificate Program,Yes,Yes,5,5,3,No,4,Yes, Watch tutorials or explanation videos, Observe rather than acts or talk,5,4,2,Yes,4,3,3,4,3,4,Auditory,Agreeableness
2/28/2022 11:22,Male,18,Post-Secondary Education,Yes,Yes,5,5,4,Yes,5,Yes, Watch tutorials or explanation videos, Observe rather than acts or talk,5,4,4,Yes,5,5,5,5,1,3,Visual,Openness
2/28/2022 11:44,Female,19,Certificate Program,No,No,3,3,3,No,3,No, Use rhymes to help memorize the notes, Discuss the material among students and instructor,3,3,3,No,3,3,3,3,3,3,Auditory,Conscientiousness
2/28/2022 14:26,Female,20,Bachelors Degree,Yes,Yes,5,3,5,Yes,5,Yes, Watch tutorials or explanation videos, Take a short note,5,1,1,Yes,3,2,4,5,1,3,Reading/Writing,Extroversion
2/28/2022 18:13,Female,20,Post-Secondary Education,No,Yes,3,4,3,Yes,3,No, Watch tutorials or explanation videos, Take a short note,3,1,3,Yes,3,4,5,4,1,1,Reading/Writing,Extroversion
2/28/2022 22:58,Female,21,Post-Secondary Education,No,Yes,5,1,1,No,4,No, Watch tutorials or explanation videos, Observe rather than acts or talk,4,1,2,Yes,5,4,4,5,1,3,Visual,Agreeableness
2/28/2022 23:27,Male,21,Post-Secondary Education,Yes,No,4,3,3,Yes,5,Yes, Read notes silently again and again, Observe rather than acts or talk,4,3,4,Yes,4,4,4,5,1,2,Visual,Openness
2/28/2022 23:38,Male,21,Post-Secondary Education,Yes,Yes,4,4,3,No,4,Yes, Watch tutorials or explanation videos, Use hands-on activities with objects that can be touched,3,3,4,Yes,4,4,4,4,2,2,Kinesthetic,Agreeableness
3/1/2022 4:46,Female,19,Post-Secondary Education,No,Yes,4,3,4,Yes,5,Yes, Read notes silently again and again, Take a short note,5,4,5,Yes,5,4,5,5,1,2,Reading/Writing,Extroversion
3/1/2022 9:59,Male,21,Certificate Program,Yes,Yes,5,3,3,Yes,4,Yes, Watch tutorials or explanation videos, Take a short note,4,2,3,Yes,3,4,4,5,1,3,Reading/Writing,Extroversion
3/1/2022 12:09,Male,24,Bachelors Degree,Yes,No,4,5,3,Yes,5,Yes, Watch tutorials or explanation videos, Discuss the material among students and instructor,4,4,4,Yes,5,4,4,5,1,2,Auditory,Conscientiousness
3/1/2022 12:23,Female,21,Post-Secondary Education,Yes,Yes,5,5,5,Yes,5,Yes, Watch tutorials or explanation videos, Discuss the material among students and instructor,4,3,5,Yes,5,3,5,5,1,5,Auditory,Conscientiousness
3/1/2022 17:48,Male,20,Post-Secondary Education,No,Yes,4,4,3,Yes,5,Yes, Watch tutorials or explanation videos, Use hands-on activities with objects that can be touched,4,3,4,Yes,5,5,5,5,1,2,Kinesthetic,Extroversion
3/1/2022 18:18,Male,22,Bachelors Degree,Yes,Yes,3,2,1,No,4,Yes, Watch tutorials or explanation videos, Observe rather than acts or talk,5,4,3,Yes,4,4,4,3,1,3,Visual,Openness
3/1/2022 18:26,Female,16,Post-Secondary Education,No,Yes,5,4,3,Yes,4,Yes, Read notes silently again and again, Discuss the material among students and instructor,3,2,4,Yes,3,3,2,4,2,4,Visual,Openness
3/1/2022 18:28,Female,15,Post-Secondary Education,Yes,Yes,2,4,2,No,4,Yes, Watch tutorials or explanation videos, Observe rather than acts or talk,2,4,3,Yes,2,3,1,4,4,2,Auditory,Conscientiousness
3/1/2022 18:28,Male,25,Post-Secondary Education,Yes,Yes,5,3,1,Yes,5,Yes, Use rhymes to help memorize the notes, Take a short note,3,2,5,Yes,5,5,4,4,3,2,Auditory,Conscientiousness
3/1/2022 18:35,Male,19,Post-Secondary Education,Yes,Yes,2,2,3,Yes,4,Yes, Use rhymes to help memorize the notes, Take a short note,4,1,4,Yes,2,2,4,3,3,2,Auditory,Conscientiousness
3/1/2022 18:38,Male,19,Bachelors Degree,No,No,5,1,3,Yes,5,Yes, Use rhymes to help memorize the notes, Discuss the material among students and instructor,5,5,5,Yes,5,5,5,5,5,5,Auditory,Agreeableness
3/1/2022 18:38,Male,20,Certificate Program,Yes,Yes,2,1,2,No,3,No, Watch tutorials or explanation videos, Observe rather than acts or talk,4,4,1,No,2,2,1,2,1,1,Visual,Openness
3/1/2022 18:39,Female,24,Bachelors Degree,No,No,5,5,3,No,3,No, Use rhymes to help memorize the notes, Discuss the material among students and instructor,1,3,3,Yes,3,3,3,2,2,3,Auditory,Neuroticism
3/1/2022 18:42,Female,27,Masters Degree,No,No,1,1,5,Yes,2,No, Read notes silently again and again, Take a short note,5,5,2,Yes,3,3,4,4,2,2,Reading/Writing,Agreeableness
3/1/2022 18:45,Female,26,Masters Degree,No,No,1,1,1,No,5,Yes, Associate a feeling with information, Use hands-on activities with objects that can be touched,2,1,2,Yes,3,2,1,3,1,1,Kinesthetic,Agreeableness
3/1/2022 18:45,Male,22,Certificate Program,Yes,No,5,3,1,No,5,Yes, Watch tutorials or explanation videos, Take a short note,5,3,3,Yes,5,5,3,5,1,1,Reading/Writing,Extroversion
3/1/2022 18:46,Male,27,Specialist Degree,Yes,Yes,1,1,1,No,1,No, Watch tutorials or explanation videos, Observe rather than acts or talk,3,2,2,No,2,3,3,4,2,2,Visual,Openness
3/1/2022 18:46,Female,20,Post-Secondary Education,Yes,Yes,3,4,5,Yes,5,Yes, Use rhymes to help memorize the notes, Discuss the material among students and instructor,5,3,5,No,3,2,3,3,2,5,Auditory,Conscientiousness
3/1/2022 18:47,Male,23,Bachelors Degree,No,No,5,5,2,No,2,No, Use rhymes to help memorize the notes, Discuss the material among students and instructor,2,3,2,Yes,3,3,2,2,2,3,Auditory,Conscientiousness
3/1/2022 18:48,Male,21,Certificate Program,Yes,No,5,5,3,Yes,4,No, Read notes silently again and again, Observe rather than acts or talk,3,5,4,No,3,2,3,2,5,2,Reading/Writing,Extroversion
3/1/2022 18:58,Male,24,Bachelors Degree,Yes,Yes,5,1,5,Yes,3,No, Read notes silently again and again, Take a short note,5,2,5,Yes,1,1,1,1,1,3,Reading/Writing,Extroversion
3/1/2022 18:58,Male,24,Bachelors Degree,Yes,Yes,1,1,1,No,1,No, Watch tutorials or explanation videos, Observe rather than acts or talk,5,5,2,Yes,3,2,3,2,1,2,Visual,Neuroticism
3/1/2022 19:07,Male,22,Certificate Program,No,No,1,1,5,Yes,2,Yes, Read notes silently again and again, Take a short note,2,1,1,Yes,2,3,2,2,2,3,Kinesthetic,Agreeableness
3/1/2022 19:10,Female,22,Certificate Program,Yes,Yes,2,3,1,No,5,Yes, Associate a feeling with information, Use hands-on activities with objects that can be touched,2,3,1,No,4,2,3,2,1,3,Kinesthetic,Neuroticism
3/1/2022 19:13,Male,23,Bachelors Degree,Yes,Yes,2,3,1,Yes,3,No, Watch tutorials or explanation videos, Observe rather than acts or talk,3,4,4,No,2,3,2,2,3,4,Visual,Neuroticism
3/1/2022 19:14,Male,18,Post-Secondary Education,Yes,Yes,2,3,2,No,1,Yes, Watch tutorials or explanation videos, Observe rather than acts or talk,5,5,2,Yes,1,4,4,2,2,2,Visual,Openness
3/1/2022 19:17,Male,23,Bachelors Degree,Yes,Yes,4,3,2,Yes,2,No, Watch tutorials or explanation videos, Observe rather than acts or talk,4,2,3,No,4,2,3,2,2,4,Visual,Neuroticism
3/1/2022 19:24,Female,24,Bachelors Degree,Yes,Yes,4,3,5,Yes,4,No, Watch tutorials or explanation videos, Take a short note,5,2,3,Yes,4,3,4,4,3,2,Visual,Openness
3/1/2022 19:27,Female,25,Masters Degree,No,No,5,5,2,No,3,No, Use rhymes to help memorize the notes, Discuss the material among students and instructor,4,3,2,Yes,2,2,3,2,2,4,Auditory,Conscientiousness
3/1/2022 19:31,Female,22,Post-Secondary Education,Yes,Yes,4,1,3,Yes,3,Yes, Watch tutorials or explanation videos, Take a short note,5,1,3,Yes,3,2,3,4,2,2,Visual,Neuroticism
3/1/2022 19:32,Female,21,Post-Secondary Education,Yes,Yes,4,3,3,Yes,3,Yes, Watch tutorials or explanation videos, Take a short note,5,2,3,Yes,2,2,4,4,2,2,Visual,Openness
3/1/2022 19:33,Male,23,Certificate Program,No,No,2,3,2,Yes,5,Yes, Associate a feeling with information, Use hands-on activities with objects that can be touched,4,5,2,Yes,3,2,4,2,3,2,Kinesthetic,Neuroticism
3/1/2022 19:33,Female,22,Post-Secondary Education,Yes,Yes,4,3,3,Yes,3,Yes, Watch tutorials or explanation videos, Take a short note,4,2,3,Yes,3,2,4,4,2,2,Reading/Writing,Extroversion
3/1/2022 19:35,Female,23,Certificate Program,No,No,2,3,5,Yes,1,No, Read notes silently again and again, Take a short note,3,2,2,Yes,3,2,4,2,1,2,Reading/Writing,Extroversion
3/1/2022 19:36,Male,23,Certificate Program,Yes,Yes,2,3,1,Yes,2,No, Use rhymes to help memorize the notes, Take a short note,2,3,1,No,4,5,3,2,1,3,Auditory,Conscientiousness
3/1/2022 19:37,Male,21,Bachelors Degree,Yes,Yes,2,3,2,Yes,2,No, Watch tutorials or explanation videos, Observe rather than acts or talk,5,5,5,Yes,2,4,3,4,2,3,Visual,Openness
3/1/2022 19:40,Male,19,Certificate Program,No,No,5,5,2,Yes,2,Yes, Use rhymes to help memorize the notes, Discuss the material among students and instructor,2,4,2,Yes,4,3,2,5,5,5,Auditory,Conscientiousness
3/1/2022 19:43,Male,22,Certificate Program,Yes,Yes,1,1,1,No,2,No, Watch tutorials or explanation videos, Observe rather than acts or talk,3,5,2,No,5,5,3,2,3,3,Visual,Neuroticism
3/1/2022 19:49,Female,21,Bachelors Degree,No,Yes,5,4,3,Yes,4,Yes, Read notes silently again and again, Take a short note,3,4,4,Yes,5,5,5,5,3,2,Reading/Writing,Extroversion
3/1/2022 19:55,Male,21,Bachelors Degree,Yes,Yes,5,5,2,No,5,Yes, Watch tutorials or explanation videos, Take a short note,5,3,4,Yes,5,5,5,4,4,5,Reading/Writing,Extroversion
3/1/2022 20:14,Male,19,Post-Secondary Education,Yes,Yes,4,1,4,Yes,4,Yes, Watch tutorials or explanation videos, Observe rather than acts or talk,3,4,3,Yes,4,2,4,4,2,3,Visual,Openness
3/1/2022 20:23,Male,21,Bachelors Degree,Yes,Yes,4,3,3,No,4,Yes, Watch tutorials or explanation videos, Observe rather than acts or talk,3,3,3,Yes,4,3,3,4,1,3,Visual,Openness
3/1/2022 20:23,Female,21,Bachelors Degree,Yes,Yes,5,5,3,Yes,4,Yes, Watch tutorials or explanation videos, Take a short note,4,4,4,Yes,5,5,5,5,1,1,Reading/Writing,Neuroticism
3/1/2022 20:27,Male,21,Certificate Program,No,No,3,3,2,No,5,Yes, Associate a feeling with information, Use hands-on activities with objects that can be touched,3,2,3,Yes,2,4,3,2,2,4,Auditory,Conscientiousness
3/1/2022 20:30,Female,15,Post-Secondary Education,No,No,1,1,1,No,5,Yes, Associate a feeling with information, Use hands-on activities with objects that can be touched,4,2,5,Yes,2,3,2,4,3,3,Auditory,Conscientiousness
3/1/2022 20:34,Male,18,Post-Secondary Education,Yes,No,5,3,2,Yes,5,Yes, Watch tutorials or explanation videos, Observe rather than acts or talk,2,1,2,Yes,3,4,5,4,1,3,Visual,Agreeableness
3/1/2022 20:39,Female,17,Post-Secondary Education,No,Yes,4,5,3,Yes,3,Yes, Associate a feeling with information, Take a short note,2,3,3,Yes,4,3,3,5,2,3,Reading/Writing,Agreeableness
3/1/2022 20:42,Female,21,Post-Secondary Education,Yes,No,5,4,3,Yes,4,No, Read notes silently again and again, Take a short note,4,2,4,Yes,5,4,4,4,2,4,Reading/Writing,Extroversion
3/1/2022 20:45,Male,21,Post-Secondary Education,Yes,No,5,5,2,Yes,5,Yes, Watch tutorials or explanation videos, Discuss the material among students and instructor,5,2,4,Yes,5,5,4,5,2,2,Visual,Neuroticism
3/1/2022 20:47,Female,21,Certificate Program,No,Yes,5,3,2,Yes,5,Yes, Watch tutorials or explanation videos, Take a short note,5,1,5,Yes,5,5,5,5,1,3,Reading/Writing,Agreeableness
3/1/2022 21:42,Male,19,Certificate Program,No,No,5,5,3,No,2,Yes, Use rhymes to help memorize the notes, Discuss the material among students and instructor,2,1,3,No,5,5,2,1,2,4,Auditory,Conscientiousness
3/1/2022 21:44,Female,22,Bachelors Degree,No,No,3,2,5,Yes,1,No, Read notes silently again and again, Take a short note,2,4,2,No,2,1,5,5,2,3,Reading/Writing,Extroversion
3/1/2022 21:45,Male,23,Bachelors Degree,No,No,4,2,3,No,5,Yes, Associate a feeling with information, Use hands-on activities with objects that can be touched,3,4,1,No,1,1,1,2,5,1,Kinesthetic,Agreeableness
3/1/2022 21:47,Male,26,Masters Degree,No,No,5,5,2,No,3,No, Use rhymes to help memorize the notes, Discuss the material among students and instructor,5,5,3,No,2,3,2,3,4,3,Auditory,Conscientiousness
3/1/2022 21:49,Male,24,Bachelors Degree,No,No,3,4,2,No,5,Yes, Associate a feeling with information, Use hands-on activities with objects that can be touched,2,1,5,Yes,2,3,2,3,1,1,Kinesthetic,Agreeableness
3/1/2022 21:50,Female,23,Certificate Program,No,No,2,3,5,Yes,1,Yes, Use rhymes to help memorize the notes, Discuss the material among students and instructor,4,3,4,No,3,1,5,5,2,3,Auditory,Conscientiousness
3/1/2022 21:52,Male,24,Bachelors Degree,Yes,Yes,1,3,2,No,2,No, Watch tutorials or explanation videos, Observe rather than acts or talk,2,1,3,No,5,5,3,4,3,1,Visual,Neuroticism
3/1/2022 21:53,Male,18,Post-Secondary Education,No,No,4,3,5,Yes,2,No, Read notes silently again and again, Take a short note,3,4,5,Yes,2,3,3,2,3,2,Reading/Writing,Extroversion
3/1/2022 21:56,Female,24,Bachelors Degree,No,No,4,2,4,No,5,Yes, Associate a feeling with information, Use hands-on activities with objects that can be touched,2,3,2,Yes,5,5,2,4,5,1,Kinesthetic,Neuroticism
3/1/2022 21:57,Female,21,Certificate Program,Yes,No,2,1,3,Yes,4,No, Watch tutorials or explanation videos, Use hands-on activities with objects that can be touched,4,1,3,Yes,4,3,5,5,3,5,Visual,Neuroticism
3/1/2022 22:06,Female,23,Certificate Program,Yes,Yes,2,3,2,No,3,Yes, Watch tutorials or explanation videos, Observe rather than acts or talk,2,3,5,Yes,3,4,2,1,3,2,Visual,Openness
3/1/2022 22:08,Female,20,Certificate Program,Yes,Yes,5,3,4,Yes,3,Yes, Watch tutorials or explanation videos, Take a short note,4,3,4,Yes,4,2,3,3,1,3,Visual,Openness
3/1/2022 22:08,Male,25,Bachelors Degree,No,No,5,5,3,No,4,Yes, Use rhymes to help memorize the notes, Discuss the material among students and instructor,2,4,3,Yes,3,2,2,4,5,1,Auditory,Conscientiousness
3/1/2022 22:13,Male,20,Bachelors Degree,Yes,No,3,4,2,Yes,2,Yes, Use rhymes to help memorize the notes, Use hands-on activities with objects that can be touched,3,4,1,Yes,4,2,3,2,3,4,Auditory,Conscientiousness
3/1/2022 22:14,Male,20,Bachelors Degree,Yes,No,4,5,3,Yes,3,Yes, Read notes silently again and again, Discuss the material among students and instructor,4,3,4,Yes,4,3,4,3,4,3,Reading/Writing,Extroversion
3/1/2022 22:16,Male,20,Bachelors Degree,Yes,Yes,5,5,5,Yes,5,Yes, Use rhymes to help memorize the notes, Discuss the material among students and instructor,5,5,5,Yes,5,5,5,5,5,5,Auditory,Agreeableness
3/1/2022 22:17,Male,21,Post-Secondary Education,No,No,2,3,5,Yes,2,Yes, Read notes silently again and again, Take a short note,4,2,2,No,4,2,5,5,2,2,Reading/Writing,Extroversion
3/1/2022 22:17,Female,19,Bachelors Degree,Yes,Yes,4,4,4,No,3,Yes, Read notes silently again and again, Observe rather than acts or talk,3,4,5,Yes,3,4,5,4,3,2,Reading/Writing,Openness
3/1/2022 22:17,Female,23,Certificate Program,No,No,4,2,1,Yes,4,Yes, Watch tutorials or explanation videos, Take a short note,5,3,3,Yes,5,5,5,5,1,5,Visual,Extroversion
3/1/2022 22:18,Male,19,Post-Secondary Education,Yes,Yes,2,4,3,No,3,Yes, Watch tutorials or explanation videos, Observe rather than acts or talk,5,5,4,No,3,2,1,1,2,3,Visual,Openness
3/1/2022 22:18,Male,25,Masters Degree,Yes,No,2,3,3,No,3,No, Use rhymes to help memorize the notes, Discuss the material among students and instructor,5,5,5,Yes,5,5,5,5,5,5,Auditory,Conscientiousness
3/1/2022 22:20,Male,23,Masters Degree,No,No,3,3,3,Yes,3,Yes, Watch tutorials or explanation videos, Observe rather than acts or talk,3,3,3,Yes,3,3,3,3,3,3,Visual,Openness
3/1/2022 22:21,Male,21,Post-Secondary Education,No,No,5,5,3,No,3,Yes, Use rhymes to help memorize the notes, Discuss the material among students and instructor,2,5,3,No,5,5,3,2,1,2,Auditory,Conscientiousness
3/1/2022 22:21,Female,22,Masters Degree,Yes,Yes,4,5,4,Yes,3,Yes, Use rhymes to help memorize the notes, Observe rather than acts or talk,2,4,4,Yes,3,4,5,4,3,4,Auditory,Openness
3/1/2022 22:22,Male,24,Bachelors Degree,Yes,Yes,2,4,5,No,2,No, Watch tutorials or explanation videos, Observe rather than acts or talk,5,5,4,Yes,2,4,2,3,1,2,Visual,Openness
3/1/2022 22:23,Male,20,Bachelors Degree,Yes,No,5,4,5,Yes,5,Yes, Watch tutorials or explanation videos, Take a short note,5,1,4,Yes,5,3,5,5,3,3,Visual,Openness
3/1/2022 22:25,Female,21,Bachelors Degree,Yes,No,2,3,2,Yes,4,Yes, Use rhymes to help memorize the notes, Discuss the material among students and instructor,3,2,4,Yes,3,2,4,2,3,3,Auditory,Conscientiousness
3/1/2022 22:25,Female,20,Post-Secondary Education,No,No,3,2,5,Yes,4,No, Read notes silently again and again, Take a short note,3,2,5,Yes,2,3,4,4,2,3,Reading/Writing,Neuroticism
3/1/2022 22:26,Male,22,Bachelors Degree,Yes,Yes,4,4,4,Yes,2,Yes, Watch tutorials or explanation videos, Observe rather than acts or talk,4,4,4,Yes,4,5,4,5,4,5,Visual,Openness
3/1/2022 22:26,Female,22,Certificate Program,Yes,Yes,3,3,1,No,5,No, Read notes silently again and again, Use hands-on activities with objects that can be touched,4,2,4,Yes,4,1,3,2,5,1,Kinesthetic,Conscientiousness
3/1/2022 22:27,Male,22,Certificate Program,Yes,Yes,3,2,4,Yes,2,No, Watch tutorials or explanation videos, Observe rather than acts or talk,5,5,3,No,3,2,4,1,3,1,Visual,Openness
3/1/2022 22:28,Female,23,Bachelors Degree,No,Yes,2,3,2,Yes,5,Yes, Associate a feeling with information, Use hands-on activities with objects that can be touched,2,3,5,Yes,2,1,3,5,4,3,Kinesthetic,Neuroticism
3/1/2022 22:29,Male,23,Masters Degree,Yes,No,3,2,3,Yes,3,Yes, Use rhymes to help memorize the notes, Take a short note,3,4,3,Yes,4,3,4,3,3,4,Auditory,Agreeableness
3/1/2022 22:30,Male,25,Masters Degree,No,No,3,2,5,Yes,3,No, Read notes silently again and again, Take a short note,2,3,2,Yes,5,5,3,3,2,2,Reading/Writing,Extroversion
3/1/2022 22:30,Male,20,Masters Degree,Yes,No,4,3,4,Yes,5,Yes, Watch tutorials or explanation videos, Discuss the material among students and instructor,1,4,3,Yes,3,4,3,3,2,4,Visual,Openness
3/1/2022 22:36,Male,25,Bachelors Degree,Yes,No,3,3,3,Yes,3,Yes, Use rhymes to help memorize the notes, Take a short note,4,3,4,Yes,4,3,4,3,4,3,Auditory,Neuroticism
3/1/2022 22:36,Male,26,Masters Degree,No,No,2,3,5,Yes,2,Yes, Use rhymes to help memorize the notes, Discuss the material among students and instructor,3,4,3,No,4,3,5,5,4,3,Auditory,Conscientiousness
3/1/2022 22:38,Male,21,Post-Secondary Education,No,No,2,3,2,No,5,Yes, Associate a feeling with information, Use hands-on activities with objects that can be touched,2,3,4,No,4,3,2,4,5,1,Kinesthetic,Agreeableness
3/1/2022 22:39,Male,23,Bachelors Degree,Yes,Yes,5,4,5,Yes,3,Yes, Use rhymes to help memorize the notes, Discuss the material among students and instructor,4,3,4,Yes,4,4,4,4,2,2,Auditory,Openness
3/1/2022 22:41,Male,19,Certificate Program,Yes,No,3,2,1,Yes,5,Yes, Associate a feeling with information, Use hands-on activities with objects that can be touched,2,4,5,Yes,2,3,4,2,5,1,Kinesthetic,Conscientiousness
3/1/2022 22:41,Male,20,Bachelors Degree,Yes,Yes,2,4,3,Yes,4,Yes, Watch tutorials or explanation videos, Discuss the material among students and instructor,4,2,5,No,1,2,4,3,5,3,Visual,Openness
3/1/2022 22:42,Female,21,Bachelors Degree,Yes,Yes,1,3,5,No,3,No, Read notes silently again and again, Discuss the material among students and instructor,1,5,4,Yes,2,4,2,1,5,3,Reading/Writing,Agreeableness
3/1/2022 22:42,Male,24,Bachelors Degree,No,Yes,3,4,3,Yes,4,Yes, Use rhymes to help memorize the notes, Observe rather than acts or talk,5,3,4,Yes,3,2,4,1,1,3,Auditory,Neuroticism
3/1/2022 22:43,Female,26,Bachelors Degree,Yes,No,3,4,5,Yes,2,Yes, Watch tutorials or explanation videos, Discuss the material among students and instructor,2,3,4,Yes,5,4,3,4,5,5,Visual,Openness
3/1/2022 22:43,Female,25,Bachelors Degree,No,No,3,3,3,Yes,2,No, Use rhymes to help memorize the notes, Take a short note,2,5,2,No,4,2,2,2,5,5,Auditory,Agreeableness
3/1/2022 22:43,Male,26,Specialist Degree,Yes,Yes,3,4,3,Yes,3,No, Use rhymes to help memorize the notes, Take a short note,1,3,4,Yes,2,4,2,4,2,1,Auditory,Conscientiousness
3/1/2022 22:44,Male,20,Certificate Program,No,No,3,4,5,Yes,4,No, Read notes silently again and again, Take a short note,2,5,4,Yes,3,2,4,3,3,2,Reading/Writing,Conscientiousness
3/1/2022 22:44,Female,21,Certificate Program,Yes,No,2,3,2,No,4,Yes, Use rhymes to help memorize the notes, Take a short note,4,2,3,Yes,4,4,3,4,5,4,Auditory,Openness
3/1/2022 22:45,Male,26,Bachelors Degree,Yes,Yes,2,5,4,Yes,2,No, Use rhymes to help memorize the notes, Observe rather than acts or talk,2,1,4,Yes,5,4,2,3,4,5,Auditory,Neuroticism
3/1/2022 22:45,Female,22,Certificate Program,Yes,Yes,3,2,4,Yes,3,Yes, Watch tutorials or explanation videos, Observe rather than acts or talk,5,5,4,Yes,5,3,4,2,3,4,Visual,Openness
3/1/2022 22:46,Male,27,Specialist Degree,Yes,Yes,2,3,4,Yes,2,No, Read notes silently again and again, Discuss the material among students and instructor,3,4,5,Yes,4,5,5,4,3,4,Reading/Writing,Agreeableness
3/1/2022 22:46,Female,20,Certificate Program,No,Yes,3,3,3,No,4,No, Associate a feeling with information, Take a short note,4,3,2,Yes,5,3,1,2,5,4,Kinesthetic,Conscientiousness
3/1/2022 22:47,Male,23,Bachelors Degree,Yes,No,2,2,4,Yes,1,Yes, Read notes silently again and again, Take a short note,5,4,1,No,3,5,1,2,4,3,Reading/Writing,Agreeableness
3/1/2022 22:47,Female,26,Masters Degree,Yes,Yes,2,2,2,Yes,4,Yes, Read notes silently again and again, Observe rather than acts or talk,4,3,4,No,4,3,2,1,5,4,Reading/Writing,Conscientiousness
3/1/2022 22:47,Male,28,Doctorate Degree,Yes,Yes,4,5,5,Yes,5,Yes, Use rhymes to help memorize the notes, Take a short note,5,5,5,Yes,5,5,5,5,5,5,Auditory,Neuroticism
3/1/2022 22:48,Female,18,Certificate Program,Yes,No,3,2,4,No,2,No, Associate a feeling with information, Take a short note,4,1,5,Yes,4,5,5,4,5,4,Kinesthetic,Conscientiousness
3/1/2022 22:49,Male,24,Certificate Program,Yes,No,3,4,3,Yes,4,Yes, Read notes silently again and again, Discuss the material among students and instructor,4,3,4,No,4,2,4,2,5,3,Reading/Writing,Agreeableness
3/1/2022 22:50,Male,26,Masters Degree,Yes,Yes,4,3,5,Yes,3,Yes, Read notes silently again and again, Take a short note,4,2,2,Yes,4,3,4,4,5,3,Reading/Writing,Extroversion
3/1/2022 22:50,Male,24,Bachelors Degree,No,No,4,2,3,Yes,5,No, Associate a feeling with information, Discuss the material among students and instructor,2,4,2,No,4,1,3,5,5,3,Kinesthetic,Neuroticism
3/1/2022 22:51,Male,22,Masters Degree,Yes,No,5,5,5,Yes,5,Yes, Associate a feeling with information, Use hands-on activities with objects that can be touched,5,5,5,Yes,5,5,5,5,5,5,Kinesthetic,Conscientiousness
3/1/2022 22:52,Female,23,Bachelors Degree,Yes,No,2,2,2,No,2,Yes, Read notes silently again and again, Take a short note,3,3,3,Yes,3,3,3,4,5,3,Reading/Writing,Extroversion
3/1/2022 22:52,Male,18,Post-Secondary Education,Yes,No,4,4,2,No,5,Yes, Associate a feeling with information, Use hands-on activities with objects that can be touched,2,3,2,Yes,5,5,3,3,2,3,Kinesthetic,Agreeableness
3/1/2022 22:52,Male,26,Bachelors Degree,No,Yes,2,3,1,No,4,Yes, Associate a feeling with information, Observe rather than acts or talk,3,5,1,Yes,2,3,5,5,5,4,Kinesthetic,Conscientiousness
3/1/2022 22:54,Male,22,Post-Secondary Education,Yes,Yes,3,3,2,No,4,Yes, Watch tutorials or explanation videos, Observe rather than acts or talk,3,2,5,Yes,5,3,3,5,1,2,Visual,Neuroticism
3/1/2022 22:54,Male,21,Certificate Program,Yes,No,2,3,1,Yes,5,No, Associate a feeling with information, Use hands-on activities with objects that can be touched,3,2,4,Yes,5,3,1,3,2,4,Kinesthetic,Openness
3/1/2022 22:54,Male,21,Bachelors Degree,No,No,4,5,4,Yes,3,Yes, Use rhymes to help memorize the notes, Discuss the material among students and instructor,4,5,4,Yes,4,4,3,4,5,5,Auditory,Agreeableness
3/1/2022 22:55,Male,19,Certificate Program,No,No,5,5,4,No,3,No, Use rhymes to help memorize the notes, Discuss the material among students and instructor,3,4,4,Yes,4,5,5,3,2,3,Auditory,Agreeableness
3/1/2022 22:55,Male,22,Certificate Program,No,Yes,3,4,4,Yes,4,Yes, Use rhymes to help memorize the notes, Discuss the material among students and instructor,4,4,4,Yes,4,4,4,4,4,4,Auditory,Agreeableness
3/1/2022 22:55,Female,19,Certificate Program,No,Yes,4,5,3,No,4,No, Read notes silently again and again, Take a short note,2,5,3,No,3,3,3,3,3,2,Reading/Writing,Neuroticism
3/1/2022 22:56,Male,21,Certificate Program,No,Yes,3,3,3,Yes,3,Yes, Use rhymes to help memorize the notes, Take a short note,3,3,2,Yes,3,2,2,2,2,1,Auditory,Openness
3/1/2022 22:56,Male,23,Specialist Degree,Yes,No,2,3,4,Yes,3,Yes, Use rhymes to help memorize the notes, Observe rather than acts or talk,3,4,5,Yes,2,3,4,5,4,3,Auditory,Conscientiousness
3/1/2022 22:56,Male,20,Certificate Program,Yes,No,2,5,4,Yes,3,No, Read notes silently again and again, Take a short note,2,4,5,No,1,2,4,3,5,3,Reading/Writing,Extroversion
3/1/2022 22:57,Female,23,Bachelors Degree,Yes,No,2,2,2,No,3,No, Read notes silently again and again, Discuss the material among students and instructor,3,3,2,Yes,3,2,2,2,2,2,Reading/Writing,Agreeableness
3/1/2022 22:57,Male,23,Bachelors Degree,Yes,No,2,3,5,Yes,2,No, Read notes silently again and again, Take a short note,2,3,4,Yes,5,5,3,2,3,2,Reading/Writing,Neuroticism
3/1/2022 22:57,Female,22,Bachelors Degree,No,No,2,2,3,Yes,3,Yes, Read notes silently again and again, Discuss the material among students and instructor,4,4,3,Yes,4,3,4,3,4,4,Reading/Writing,Agreeableness
3/1/2022 22:58,Female,22,Bachelors Degree,No,No,3,4,2,No,2,No, Read notes silently again and again, Use hands-on activities with objects that can be touched,1,3,2,No,3,2,4,3,2,5,Auditory,Neuroticism
3/1/2022 22:58,Male,25,Bachelors Degree,Yes,No,3,4,5,Yes,1,Yes, Use rhymes to help memorize the notes, Take a short note,2,3,4,Yes,2,3,4,5,4,3,Auditory,Neuroticism
3/1/2022 22:58,Male,21,Bachelors Degree,Yes,No,3,4,4,Yes,3,No, Use rhymes to help memorize the notes, Use hands-on activities with objects that can be touched,4,3,3,Yes,2,2,1,4,4,5,Auditory,Agreeableness
3/1/2022 22:59,Male,23,Certificate Program,Yes,Yes,3,4,2,Yes,2,No, Watch tutorials or explanation videos, Observe rather than acts or talk,5,5,2,Yes,2,4,2,3,2,3,Visual,Conscientiousness
3/1/2022 23:00,Male,23,Masters Degree,Yes,Yes,3,4,4,No,4,Yes, Read notes silently again and again, Observe rather than acts or talk,4,4,5,Yes,2,3,3,4,4,2,Reading/Writing,Agreeableness
3/1/2022 23:02,Female,21,Certificate Program,No,Yes,5,5,3,No,4,Yes, Use rhymes to help memorize the notes, Discuss the material among students and instructor,4,2,5,Yes,2,4,3,2,3,2,Auditory,Conscientiousness
3/1/2022 23:03,Male,20,Bachelors Degree,No,Yes,2,5,3,No,2,Yes, Use rhymes to help memorize the notes, Take a short note,1,5,4,No,2,3,5,2,3,2,Auditory,Agreeableness
3/1/2022 23:03,Male,24,Masters Degree,Yes,Yes,1,2,3,Yes,4,No, Read notes silently again and again, Discuss the material among students and instructor,1,2,3,Yes,4,5,4,3,2,1,Reading/Writing,Conscientiousness
3/1/2022 23:05,Male,22,Certificate Program,Yes,No,3,4,5,Yes,2,No, Read notes silently again and again, Take a short note,3,2,3,No,5,5,4,2,3,4,Reading/Writing,Agreeableness
3/1/2022 23:06,Male,23,Bachelors Degree,No,Yes,2,3,4,Yes,3,No, Use rhymes to help memorize the notes, Use hands-on activities with objects that can be touched,1,3,5,Yes,2,4,3,3,4,3,Auditory,Conscientiousness
3/1/2022 23:06,Female,22,Bachelors Degree,Yes,No,3,4,4,Yes,2,Yes, Watch tutorials or explanation videos, Use hands-on activities with objects that can be touched,5,5,4,Yes,4,4,4,5,4,3,Visual,Openness
3/1/2022 23:07,Male,23,Certificate Program,Yes,No,3,4,4,Yes,5,Yes, Associate a feeling with information, Observe rather than acts or talk,5,5,4,No,3,4,5,5,5,3,Kinesthetic,Neuroticism
3/1/2022 23:07,Male,22,Certificate Program,No,No,3,4,5,Yes,2,No, Read notes silently again and again, Take a short note,2,3,4,No,4,2,5,5,2,3,Reading/Writing,Agreeableness
3/1/2022 23:08,Male,21,Certificate Program,No,No,2,3,1,No,5,Yes, Associate a feeling with information, Use hands-on activities with objects that can be touched,1,2,3,No,2,3,4,2,5,1,Kinesthetic,Openness
3/1/2022 23:09,Male,20,Bachelors Degree,Yes,Yes,3,2,2,Yes,4,Yes, Watch tutorials or explanation videos, Discuss the material among students and instructor,4,3,4,No,4,5,5,4,4,5,Visual,Openness
3/1/2022 23:09,Female,20,Certificate Program,Yes,Yes,2,4,2,No,2,No, Watch tutorials or explanation videos, Observe rather than acts or talk,5,5,4,No,2,3,4,2,3,2,Visual,Openness
3/1/2022 23:11,Male,23,Masters Degree,No,Yes,4,5,4,Yes,5,Yes, Use rhymes to help memorize the notes, Take a short note,5,4,4,Yes,3,4,4,5,5,4,Auditory,Agreeableness
3/1/2022 23:11,Female,21,Certificate Program,No,No,5,5,3,No,2,No, Use rhymes to help memorize the notes, Discuss the material among students and instructor,3,2,2,No,4,2,5,2,4,3,Auditory,Conscientiousness
3/1/2022 23:11,Female,21,Bachelors Degree,Yes,No,5,2,3,Yes,4,No, Read notes silently again and again, Take a short note,3,1,4,Yes,5,4,2,3,1,4,Reading/Writing,Openness
3/1/2022 23:12,Male,23,Masters Degree,Yes,No,3,4,4,Yes,3,Yes, Read notes silently again and again, Discuss the material among students and instructor,3,4,4,Yes,3,4,5,4,5,5,Reading/Writing,Agreeableness
3/1/2022 23:13,Male,22,Bachelors Degree,No,Yes,1,5,2,Yes,1,Yes, Watch tutorials or explanation videos, Use hands-on activities with objects that can be touched,1,3,1,No,4,2,3,5,2,4,Visual,Openness
3/1/2022 23:13,Female,23,Bachelors Degree,Yes,No,4,1,4,Yes,2,Yes, Associate a feeling with information, Discuss the material among students and instructor,1,3,3,Yes,2,5,2,4,3,1,Kinesthetic,Openness
3/1/2022 23:14,Male,22,Bachelors Degree,No,Yes,3,4,3,Yes,5,No, Read notes silently again and again, Observe rather than acts or talk,5,4,5,Yes,5,5,4,5,5,5,Reading/Writing,Agreeableness
3/1/2022 23:14,Male,24,Bachelors Degree,Yes,Yes,3,1,5,Yes,3,No, Read notes silently again and again, Discuss the material among students and instructor,1,4,2,Yes,3,5,1,2,3,4,Reading/Writing,Openness
3/1/2022 23:14,Female,21,Certificate Program,No,No,5,5,3,No,3,No, Use rhymes to help memorize the notes, Discuss the material among students and instructor,2,4,3,No,4,5,4,3,5,1,Auditory,Agreeableness
3/1/2022 23:15,Female,21,Masters Degree,Yes,Yes,5,4,5,No,5,Yes, Read notes silently again and again, Observe rather than acts or talk,5,4,5,No,5,4,5,4,3,3,Reading/Writing,Agreeableness
3/1/2022 23:15,Male,25,Bachelors Degree,No,Yes,2,3,5,No,1,No, Read notes silently again and again, Discuss the material among students and instructor,2,4,2,No,1,4,5,3,2,5,Reading/Writing,Conscientiousness
3/1/2022 23:16,Female,23,Masters Degree,Yes,Yes,3,4,4,Yes,4,No, Read notes silently again and again, Observe rather than acts or talk,5,4,3,No,2,2,4,5,4,3,Reading/Writing,Agreeableness
3/1/2022 23:16,Male,26,Bachelors Degree,Yes,Yes,3,2,5,Yes,2,Yes, Read notes silently again and again, Observe rather than acts or talk,3,3,4,Yes,4,3,4,3,4,1,Reading/Writing,Conscientiousness
3/1/2022 23:17,Male,23,Bachelors Degree,No,No,3,2,4,No,3,No, Associate a feeling with information, Use hands-on activities with objects that can be touched,2,3,5,Yes,3,4,2,2,4,2,Kinesthetic,Agreeableness
3/1/2022 23:18,Male,23,Bachelors Degree,Yes,Yes,4,4,2,Yes,2,No, Read notes silently again and again, Discuss the material among students and instructor,2,4,5,Yes,1,3,4,2,3,4,Reading/Writing,Openness
3/1/2022 23:18,Female,23,Bachelors Degree,Yes,Yes,4,5,5,No,4,No, Watch tutorials or explanation videos, Discuss the material among students and instructor,3,3,2,No,4,3,5,4,5,4,Visual,Conscientiousness
3/1/2022 23:19,Female,21,Certificate Program,No,No,2,3,5,Yes,2,No, Read notes silently again and again, Take a short note,3,2,4,No,5,5,3,3,2,3,Reading/Writing,Extroversion
3/1/2022 23:19,Female,22,Masters Degree,Yes,No,3,4,5,Yes,4,Yes, Read notes silently again and again, Use hands-on activities with objects that can be touched,4,4,4,Yes,5,5,4,5,5,5,Reading/Writing,Agreeableness
3/1/2022 23:20,Female,21,Certificate Program,No,No,5,5,3,No,1,No, Use rhymes to help memorize the notes, Discuss the material among students and instructor,3,4,2,No,5,5,3,2,3,2,Auditory,Extroversion
3/1/2022 23:21,Male,22,Bachelors Degree,Yes,Yes,3,4,5,Yes,4,No, Watch tutorials or explanation videos, Discuss the material among students and instructor,4,5,3,Yes,3,4,5,5,4,5,Visual,Openness
3/1/2022 23:22,Male,20,Post-Secondary Education,No,No,2,4,5,Yes,3,No, Use rhymes to help memorize the notes, Discuss the material among students and instructor,3,4,2,Yes,5,5,3,2,3,2,Auditory,Extroversion
3/1/2022 23:22,Male,21,Masters Degree,Yes,No,3,4,4,Yes,5,No, Associate a feeling with information, Observe rather than acts or talk,5,4,5,Yes,5,4,5,4,4,5,Kinesthetic,Neuroticism
3/1/2022 23:23,Male,21,Certificate Program,Yes,Yes,2,3,4,Yes,2,Yes, Watch tutorials or explanation videos, Observe rather than acts or talk,2,4,2,No,2,5,5,3,4,2,Visual,Openness
3/1/2022 23:24,Male,23,Masters Degree,Yes,No,4,4,3,Yes,5,Yes, Read notes silently again and again, Discuss the material among students and instructor,5,4,3,Yes,4,5,4,3,5,4,Kinesthetic,Agreeableness
3/1/2022 23:25,Female,22,Bachelors Degree,No,Yes,2,3,4,Yes,5,No, Use rhymes to help memorize the notes, Discuss the material among students and instructor,5,4,3,Yes,3,4,5,4,5,4,Auditory,Conscientiousness
3/1/2022 23:25,Male,21,Post-Secondary Education,No,No,2,3,2,No,5,Yes, Associate a feeling with information, Use hands-on activities with objects that can be touched,2,1,3,No,5,3,5,5,2,3,Kinesthetic,Extroversion
3/1/2022 23:26,Female,23,Specialist Degree,Yes,No,3,4,5,Yes,2,No, Read notes silently again and again, Discuss the material among students and instructor,5,4,4,Yes,3,5,3,3,4,4,Reading/Writing,Neuroticism
3/1/2022 23:26,Female,20,Post-Secondary Education,No,No,5,5,3,No,2,Yes, Use rhymes to help memorize the notes, Discuss the material among students and instructor,2,3,4,No,3,5,5,3,4,2,Auditory,Extroversion
3/1/2022 23:27,Male,19,Certificate Program,Yes,No,2,3,5,No,4,Yes, Use rhymes to help memorize the notes, Take a short note,2,5,4,Yes,3,2,5,4,2,3,Auditory,Agreeableness
3/1/2022 23:31,Female,20,Certificate Program,Yes,Yes,2,3,4,No,4,No, Watch tutorials or explanation videos, Observe rather than acts or talk,5,5,2,No,3,2,4,3,2,3,Visual,Openness
3/1/2022 23:33,Male,20,Post-Secondary Education,Yes,No,2,4,4,No,5,Yes, Associate a feeling with information, Use hands-on activities with objects that can be touched,2,4,5,Yes,1,3,2,2,3,2,Kinesthetic,Agreeableness
3/1/2022 23:35,Female,22,Bachelors Degree,No,No,3,2,5,Yes,2,Yes, Read notes silently again and again, Take a short note,2,3,2,No,4,3,5,5,3,4,Reading/Writing,Conscientiousness
3/1/2022 23:36,Male,21,Post-Secondary Education,No,No,3,2,3,Yes,5,Yes, Associate a feeling with information, Use hands-on activities with objects that can be touched,1,3,2,No,4,2,5,4,5,1,Kinesthetic,Neuroticism
3/1/2022 23:38,Male,26,Specialist Degree,Yes,Yes,3,4,2,No,2,No, Watch tutorials or explanation videos, Observe rather than acts or talk,2,4,2,No,2,4,5,5,3,2,Visual,Openness
3/1/2022 23:41,Male,19,Certificate Program,Yes,Yes,1,3,2,No,2,No, Watch tutorials or explanation videos, Observe rather than acts or talk,5,5,3,Yes,2,4,3,2,3,3,Visual,Openness
3/1/2022 23:42,Male,24,Bachelors Degree,No,No,5,5,4,No,2,No, Use rhymes to help memorize the notes, Discuss the material among students and instructor,3,2,5,Yes,2,3,4,2,5,1,Auditory,Conscientiousness
3/1/2022 23:44,Female,21,Certificate Program,No,No,3,4,5,Yes,3,No, Read notes silently again and again, Take a short note,2,4,3,No,5,5,4,2,3,2,Reading/Writing,Agreeableness
3/1/2022 23:45,Male,22,Certificate Program,No,No,3,2,4,No,5,Yes, Associate a feeling with information, Use hands-on activities with objects that can be touched,2,3,1,No,2,3,5,5,4,2,Kinesthetic,Agreeableness
3/1/2022 23:46,Male,23,Bachelors Degree,Yes,Yes,2,3,2,No,3,No, Watch tutorials or explanation videos, Observe rather than acts or talk,2,3,4,No,2,2,3,4,5,1,Visual,Openness
3/1/2022 23:50,Male,22,Post-Secondary Education,Yes,Yes,2,3,2,No,3,Yes, Watch tutorials or explanation videos, Observe rather than acts or talk,5,5,4,No,2,3,3,2,4,2,Visual,Openness
3/1/2022 23:51,Male,22,Bachelors Degree,No,No,5,5,3,No,4,No, Use rhymes to help memorize the notes, Discuss the material among students and instructor,3,4,5,Yes,3,2,4,3,2,3,Auditory,Agreeableness
3/1/2022 23:52,Male,20,Post-Secondary Education,Yes,No,3,2,5,Yes,2,No, Read notes silently again and again, Take a short note,3,5,4,No,2,3,5,5,2,3,Reading/Writing,Neuroticism
3/1/2022 23:54,Male,23,Bachelors Degree,No,Yes,3,4,2,No,5,Yes, Associate a feeling with information, Use hands-on activities with objects that can be touched,3,4,2,No,3,4,5,5,3,2,Kinesthetic,Agreeableness
3/1/2022 23:55,Female,23,Bachelors Degree,Yes,Yes,3,2,4,No,2,Yes, Watch tutorials or explanation videos, Observe rather than acts or talk,5,5,2,No,3,4,2,3,4,3,Visual,Openness
3/1/2022 23:56,Male,23,Bachelors Degree,No,Yes,5,5,4,No,2,No, Use rhymes to help memorize the notes, Discuss the material among students and instructor,2,4,5,Yes,4,2,3,4,3,2,Auditory,Agreeableness
3/1/2022 23:57,Male,24,Certificate Program,No,Yes,3,4,5,Yes,2,No, Read notes silently again and again, Take a short note,2,4,3,No,3,4,3,5,5,3,Reading/Writing,Conscientiousness
3/1/2022 23:58,Male,20,Certificate Program,Yes,No,4,2,4,No,5,Yes, Associate a feeling with information, Use hands-on activities with objects that can be touched,2,4,2,No,2,3,5,5,2,3,Kinesthetic,Extroversion
3/1/2022 23:59,Male,21,Certificate Program,Yes,Yes,2,3,2,No,2,Yes, Watch tutorials or explanation videos, Observe rather than acts or talk,4,3,5,No,3,3,4,3,5,1,Visual,Openness
3/2/2022 0:01,Male,20,Bachelors Degree,No,Yes,5,5,4,No,2,Yes, Use rhymes to help memorize the notes, Discuss the material among students and instructor,2,4,3,Yes,2,3,2,3,2,3,Auditory,Agreeableness
3/2/2022 0:02,Male,22,Certificate Program,No,No,3,2,5,Yes,3,No, Read notes silently again and again, Take a short note,2,5,3,No,2,4,5,2,4,1,Reading/Writing,Conscientiousness
3/2/2022 0:17,Male,20,Certificate Program,Yes,Yes,3,5,5,Yes,2,Yes, Watch tutorials or explanation videos, Observe rather than acts or talk,4,3,5,Yes,4,3,3,4,2,3,Visual,Openness
3/2/2022 0:19,Male,25,Masters Degree,Yes,No,3,4,3,No,5,Yes, Associate a feeling with information, Use hands-on activities with objects that can be touched,3,2,3,No,4,2,4,5,2,3,Kinesthetic,Agreeableness
3/2/2022 0:20,Female,23,Bachelors Degree,No,No,3,4,5,Yes,2,No, Use rhymes to help memorize the notes, Discuss the material among students and instructor,3,4,5,No,5,5,4,3,2,3,Auditory,Conscientiousness
3/2/2022 0:21,Female,18,Post-Secondary Education,Yes,Yes,2,3,5,No,2,Yes, Watch tutorials or explanation videos, Observe rather than acts or talk,1,3,4,No,2,3,5,5,3,4,Visual,Openness
3/2/2022 0:25,Male,18,Post-Secondary Education,Yes,Yes,5,4,2,Yes,5,Yes, Read notes silently again and again, Take a short note,5,3,4,No,4,5,4,5,1,5,Reading/Writing,Conscientiousness
3/2/2022 0:27,Male,21,Certificate Program,No,Yes,3,4,5,Yes,3,Yes, Use rhymes to help memorize the notes, Discuss the material among students and instructor,2,3,1,No,4,5,5,5,2,3,Auditory,Extroversion
3/2/2022 0:28,Female,29,Certificate Program,Yes,No,2,3,4,No,5,Yes, Associate a feeling with information, Use hands-on activities with objects that can be touched,4,3,4,No,5,5,3,2,5,3,Kinesthetic,Agreeableness
3/2/2022 0:52,Male,18,Post-Secondary Education,Yes,Yes,5,3,3,Yes,4,Yes, Watch tutorials or explanation videos, Observe rather than acts or talk,4,1,4,Yes,5,5,5,5,1,2,Visual,Openness
3/2/2022 2:46,Male,21,Certificate Program,Yes,No,4,2,2,Yes,4,No, Watch tutorials or explanation videos, Take a short note,3,3,3,Yes,4,2,3,4,2,4,Visual,Openness
3/2/2022 6:05,Male,20,Certificate Program,Yes,Yes,4,3,2,Yes,4,Yes, Watch tutorials or explanation videos, Take a short note,3,3,4,Yes,4,3,3,4,1,2,Visual,Openness
3/2/2022 9:17,Male,18,Post-Secondary Education,Yes,Yes,5,5,4,Yes,5,Yes, Watch tutorials or explanation videos, Discuss the material among students and instructor,5,3,5,Yes,5,5,5,5,1,3,Visual,Openness
3/2/2022 11:04,Male,23,Bachelors Degree,Yes,Yes,3,3,3,Yes,4,No, Watch tutorials or explanation videos, Observe rather than acts or talk,3,3,2,Yes,4,3,4,4,4,2,Visual,Openness
3/2/2022 13:06,Female,19,Post-Secondary Education,Yes,No,5,4,2,Yes,5,Yes, Read notes silently again and again, Observe rather than acts or talk,3,1,2,Yes,4,2,3,4,1,3,Reading/Writing,Extroversion
3/2/2022 13:19,Male,20,Post-Secondary Education,Yes,Yes,3,4,2,No,4,No, Watch tutorials or explanation videos, Observe rather than acts or talk,5,5,3,No,3,2,5,2,3,2,Visual,Openness
3/2/2022 13:20,Female,21,Post-Secondary Education,No,No,5,5,3,No,2,Yes, Use rhymes to help memorize the notes, Discuss the material among students and instructor,3,2,5,Yes,3,2,4,2,3,2,Auditory,Agreeableness
3/2/2022 13:21,Female,22,Certificate Program,No,Yes,3,4,5,Yes,4,No, Read notes silently again and again, Take a short note,2,4,2,No,5,5,3,2,3,2,Reading/Writing,Conscientiousness
3/2/2022 13:22,Male,23,Post-Secondary Education,Yes,No,3,4,2,No,5,Yes, Associate a feeling with information, Use hands-on activities with objects that can be touched,4,2,5,No,3,4,5,5,2,4,Kinesthetic,Neuroticism
3/2/2022 13:23,Male,19,Post-Secondary Education,Yes,Yes,3,2,4,No,4,No, Watch tutorials or explanation videos, Observe rather than acts or talk,5,5,3,No,3,3,2,5,3,2,Visual,Openness
3/2/2022 13:24,Female,18,Post-Secondary Education,No,Yes,5,5,2,No,3,No, Use rhymes to help memorize the notes, Discuss the material among students and instructor,4,2,5,No,4,3,3,4,5,1,Auditory,Neuroticism
3/2/2022 13:25,Male,25,Masters Degree,No,Yes,5,3,5,Yes,3,No, Read notes silently again and again, Take a short note,3,4,2,No,4,3,5,5,3,2,Reading/Writing,Agreeableness
3/2/2022 13:26,Female,22,Certificate Program,No,No,3,1,3,No,5,Yes, Associate a feeling with information, Use hands-on activities with objects that can be touched,3,2,5,Yes,3,2,4,2,4,3,Kinesthetic,Extroversion
3/2/2022 13:35,Male,20,Post-Secondary Education,Yes,Yes,2,4,2,No,3,No, Watch tutorials or explanation videos, Observe rather than acts or talk,5,5,3,No,1,3,3,2,3,3,Visual,Openness
3/2/2022 13:37,Female,17,Post-Secondary Education,No,Yes,5,5,3,No,2,No, Use rhymes to help memorize the notes, Discuss the material among students and instructor,2,4,5,Yes,3,3,2,3,2,2,Auditory,Agreeableness
3/2/2022 13:39,Female,19,Post-Secondary Education,No,Yes,4,3,5,Yes,3,No, Read notes silently again and again, Take a short note,2,4,2,No,5,5,3,2,3,2,Reading/Writing,Openness
3/2/2022 13:40,Male,21,Certificate Program,No,Yes,3,4,2,No,5,Yes, Associate a feeling with information, Use hands-on activities with objects that can be touched,3,4,2,No,5,5,3,2,3,2,Kinesthetic,Neuroticism
3/2/2022 13:45,Female,21,Certificate Program,Yes,No,3,4,5,Yes,3,No, Read notes silently again and again, Take a short note,2,3,4,No,5,5,3,2,4,3,Reading/Writing,Agreeableness
3/2/2022 13:47,Male,22,Certificate Program,No,Yes,4,2,4,No,5,Yes, Associate a feeling with information, Use hands-on activities with objects that can be touched,2,3,2,No,4,3,5,5,2,2,Kinesthetic,Extroversion
3/2/2022 13:49,Female,21,Post-Secondary Education,Yes,Yes,3,4,1,Yes,3,No, Watch tutorials or explanation videos, Observe rather than acts or talk,2,3,2,No,5,5,3,2,3,2,Visual,Openness
3/2/2022 13:50,Female,21,Post-Secondary Education,No,Yes,3,2,5,Yes,2,No, Read notes silently again and again, Take a short note,2,3,5,Yes,2,3,4,2,1,2,Reading/Writing,Conscientiousness
3/2/2022 13:52,Male,21,Certificate Program,Yes,Yes,2,4,3,Yes,3,No, Watch tutorials or explanation videos, Observe rather than acts or talk,5,5,3,No,4,2,3,3,2,2,Visual,Conscientiousness
3/2/2022 13:59,Male,20,Post-Secondary Education,Yes,Yes,2,4,2,No,2,No, Watch tutorials or explanation videos, Observe rather than acts or talk,3,4,2,No,3,4,3,2,5,1,Visual,Openness
3/2/2022 14:00,Male,20,Certificate Program,Yes,No,3,4,5,Yes,3,No, Read notes silently again and again, Take a short note,5,5,3,No,2,4,2,3,2,1,Reading/Writing,Agreeableness
3/2/2022 14:02,Female,21,Certificate Program,No,No,2,1,4,No,5,Yes, Associate a feeling with information, Use hands-on activities with objects that can be touched,2,4,2,No,5,5,2,3,1,2,Kinesthetic,Agreeableness
3/2/2022 14:04,Male,21,Post-Secondary Education,Yes,Yes,2,4,2,No,2,Yes, Watch tutorials or explanation videos, Observe rather than acts or talk,5,5,3,No,2,3,4,2,3,2,Visual,Openness
3/2/2022 14:14,Female,21,Post-Secondary Education,Yes,No,5,5,3,No,2,No, Use rhymes to help memorize the notes, Discuss the material among students and instructor,2,3,5,Yes,2,4,2,4,3,2,Auditory,Openness
3/2/2022 14:15,Male,21,Certificate Program,No,No,2,3,5,Yes,2,Yes, Read notes silently again and again, Take a short note,2,3,4,No,5,5,2,3,5,2,Auditory,Agreeableness
3/2/2022 14:16,Female,20,Bachelors Degree,Yes,No,4,3,2,No,5,Yes, Associate a feeling with information, Use hands-on activities with objects that can be touched,2,3,2,No,4,3,5,5,3,2,Kinesthetic,Conscientiousness
3/2/2022 14:27,Male,22,Post-Secondary Education,Yes,No,2,3,5,Yes,2,No, Read notes silently again and again, Take a short note,2,3,1,No,3,2,5,5,2,1,Auditory,Openness
3/2/2022 14:28,Male,20,Post-Secondary Education,Yes,Yes,2,3,2,No,2,Yes, Watch tutorials or explanation videos, Observe rather than acts or talk,5,5,2,No,3,1,3,4,3,2,Visual,Openness
3/2/2022 14:29,Female,19,Post-Secondary Education,No,No,2,3,5,Yes,3,No, Read notes silently again and again, Take a short note,3,4,1,No,5,5,3,2,3,2,Auditory,Extroversion
3/2/2022 14:30,Male,17,Post-Secondary Education,Yes,Yes,5,3,3,No,2,No, Watch tutorials or explanation videos, Observe rather than acts or talk,5,5,3,No,2,3,2,2,3,2,Visual,Openness
3/2/2022 14:32,Female,19,Post-Secondary Education,No,No,4,3,4,No,5,Yes, Associate a feeling with information, Use hands-on activities with objects that can be touched,3,5,3,No,5,5,4,3,2,4,Kinesthetic,Conscientiousness
3/2/2022 14:38,Male,20,Post-Secondary Education,Yes,Yes,2,3,2,No,2,No, Watch tutorials or explanation videos, Observe rather than acts or talk,2,4,3,No,3,2,4,3,2,4,Visual,Openness
3/2/2022 14:43,Male,20,Certificate Program,No,No,5,5,3,No,2,No, Use rhymes to help memorize the notes, Discuss the material among students and instructor,2,4,3,No,5,5,2,3,2,2,Auditory,Agreeableness
3/2/2022 14:44,Female,19,Post-Secondary Education,No,Yes,2,5,2,No,5,Yes, Associate a feeling with information, Use hands-on activities with objects that can be touched,1,3,2,No,2,2,4,2,5,1,Kinesthetic,Neuroticism
3/2/2022 14:50,Male,26,Masters Degree,No,Yes,3,5,2,No,5,Yes, Associate a feeling with information, Use hands-on activities with objects that can be touched,4,5,3,No,4,2,5,5,2,1,Kinesthetic,Openness
3/2/2022 14:52,Female,23,Certificate Program,Yes,No,5,3,5,No,5,Yes, Read notes silently again and again, Take a short note,4,4,2,No,3,4,3,3,5,3,Reading/Writing,Agreeableness
3/2/2022 14:52,Female,21,Post-Secondary Education,Yes,No,2,3,5,Yes,4,No, Read notes silently again and again, Take a short note,2,3,2,No,5,5,3,2,3,3,Reading/Writing,Extroversion
3/2/2022 14:53,Female,29,Bachelors Degree,No,Yes,3,4,4,No,1,Yes, Read notes silently again and again, Take a short note,4,2,4,No,4,2,3,3,2,3,Reading/Writing,Agreeableness
3/2/2022 14:53,Male,25,Specialist Degree,Yes,No,2,3,5,Yes,2,No, Read notes silently again and again, Take a short note,3,2,4,No,5,5,3,2,3,2,Reading/Writing,Agreeableness
3/2/2022 14:55,Male,30,Certificate Program,No,Yes,3,3,3,No,3,No, Read notes silently again and again, Take a short note,2,4,5,Yes,3,3,3,5,4,4,Reading/Writing,Extroversion
3/2/2022 14:57,Female,21,Certificate Program,Yes,No,5,5,2,No,3,No, Use rhymes to help memorize the notes, Discuss the material among students and instructor,3,4,2,No,3,3,5,5,3,2,Auditory,Agreeableness
3/2/2022 14:58,Female,35,Bachelors Degree,Yes,Yes,3,4,4,Yes,4,Yes, Read notes silently again and again, Take a short note,3,4,3,Yes,4,4,2,4,5,4,Reading/Writing,Openness
3/2/2022 14:58,Female,21,Post-Secondary Education,Yes,No,3,4,2,No,5,Yes, Associate a feeling with information, Use hands-on activities with objects that can be touched,2,3,2,No,5,5,3,2,3,2,Kinesthetic,Extroversion
3/2/2022 15:00,Male,20,Certificate Program,No,No,2,3,5,Yes,3,Yes, Read notes silently again and again, Take a short note,2,3,4,Yes,2,4,5,5,4,3,Reading/Writing,Openness
3/2/2022 15:01,Male,24,Post-Secondary Education,Yes,No,2,4,5,Yes,3,No, Read notes silently again and again, Take a short note,3,4,4,No,2,4,3,2,5,1,Reading/Writing,Agreeableness
3/2/2022 15:02,Female,22,Post-Secondary Education,No,Yes,4,3,5,Yes,3,No, Read notes silently again and again, Take a short note,2,4,2,No,2,4,5,5,2,3,Reading/Writing,Extroversion
3/2/2022 15:04,Male,21,Certificate Program,Yes,Yes,2,3,2,No,3,Yes, Watch tutorials or explanation videos, Observe rather than acts or talk,5,5,3,No,2,4,2,3,4,2,Visual,Openness
3/2/2022 15:06,Male,22,Post-Secondary Education,Yes,Yes,2,4,3,No,5,Yes, Associate a feeling with information, Use hands-on activities with objects that can be touched,2,3,2,Yes,2,5,5,2,3,2,Visual,Openness
3/2/2022 15:12,Male,20,Post-Secondary Education,Yes,No,2,3,5,Yes,3,No, Read notes silently again and again, Take a short note,4,2,4,No,5,5,5,2,3,2,Reading/Writing,Extroversion
3/2/2022 15:13,Female,24,Certificate Program,No,Yes,4,2,5,Yes,4,No, Read notes silently again and again, Take a short note,3,4,5,Yes,3,2,2,3,2,2,Reading/Writing,Neuroticism
3/2/2022 15:15,Male,18,Post-Secondary Education,No,No,5,5,3,Yes,2,No, Use rhymes to help memorize the notes, Discuss the material among students and instructor,2,4,1,No,3,4,5,5,3,2,Auditory,Neuroticism
3/2/2022 15:20,Male,24,Bachelors Degree,Yes,Yes,5,3,2,Yes,2,Yes, Watch tutorials or explanation videos, Observe rather than acts or talk,5,5,3,No,2,4,2,2,3,1,Visual,Openness
3/2/2022 15:27,Male,23,Bachelors Degree,No,Yes,3,5,3,No,5,Yes, Associate a feeling with information, Use hands-on activities with objects that can be touched,3,5,3,No,5,5,3,2,3,2,Kinesthetic,Extroversion
3/2/2022 15:28,Female,26,Masters Degree,Yes,No,4,2,5,Yes,3,No, Read notes silently again and again, Take a short note,3,3,5,Yes,3,2,3,3,2,2,Reading/Writing,Conscientiousness
3/2/2022 15:29,Male,22,Bachelors Degree,Yes,Yes,2,4,2,No,3,No, Watch tutorials or explanation videos, Observe rather than acts or talk,5,5,3,No,2,4,2,2,3,2,Visual,Agreeableness
3/2/2022 15:29,Female,20,Post-Secondary Education,Yes,No,5,5,2,No,3,No, Use rhymes to help memorize the notes, Discuss the material among students and instructor,3,4,2,No,4,2,5,5,2,2,Auditory,Extroversion
3/2/2022 15:30,Female,23,Bachelors Degree,No,Yes,2,3,5,Yes,3,Yes, Read notes silently again and again, Take a short note,3,2,4,No,5,5,2,4,2,2,Reading/Writing,Neuroticism
3/2/2022 15:31,Male,23,Certificate Program,No,Yes,3,4,2,No,5,Yes, Associate a feeling with information, Use hands-on activities with objects that can be touched,4,3,5,No,5,5,2,2,2,2,Kinesthetic,Openness
3/2/2022 15:31,Female,22,Certificate Program,Yes,No,2,4,5,Yes,2,No, Read notes silently again and again, Take a short note,2,4,2,No,3,3,4,2,5,1,Reading/Writing,Extroversion
3/2/2022 15:33,Male,23,Bachelors Degree,Yes,Yes,2,3,2,No,2,Yes, Watch tutorials or explanation videos, Observe rather than acts or talk,5,5,2,No,3,2,2,4,2,3,Visual,Openness
3/2/2022 15:34,Female,26,Doctorate Degree,No,Yes,5,5,2,No,3,Yes, Use rhymes to help memorize the notes, Discuss the material among students and instructor,3,4,2,No,4,2,3,3,5,5,Auditory,Conscientiousness
3/2/2022 15:35,Male,21,Certificate Program,No,Yes,3,3,5,Yes,3,No, Read notes silently again and again, Take a short note,3,3,4,No,3,2,5,5,3,3,Reading/Writing,Neuroticism
3/2/2022 15:37,Male,21,Certificate Program,Yes,Yes,4,3,1,No,4,No, Watch tutorials or explanation videos, Observe rather than acts or talk,5,5,3,Yes,4,3,3,4,2,3,Visual,Openness
3/2/2022 15:37,Male,24,Specialist Degree,Yes,No,3,4,2,No,5,Yes, Associate a feeling with information, Use hands-on activities with objects that can be touched,2,4,2,No,5,5,3,2,4,1,Kinesthetic,Neuroticism
3/2/2022 15:38,Male,27,Doctorate Degree,No,Yes,2,4,5,Yes,2,No, Read notes silently again and again, Take a short note,3,3,2,No,5,5,3,2,1,3,Reading/Writing,Conscientiousness
3/2/2022 15:39,Male,21,Certificate Program,Yes,No,3,2,4,No,5,Yes, Associate a feeling with information, Use hands-on activities with objects that can be touched,2,4,2,No,3,4,5,5,2,3,Kinesthetic,Extroversion
3/2/2022 20:29,Male,19,Certificate Program,Yes,Yes,5,3,5,Yes,5,Yes, Watch tutorials or explanation videos, Discuss the material among students and instructor,5,4,4,Yes,5,5,4,5,1,2,Visual,Openness
3/3/2022 9:33,Male,20,Bachelors Degree,Yes,No,5,3,2,Yes,5,Yes, Watch tutorials or explanation videos, Take a short note,3,3,5,Yes,3,5,5,5,1,4,Visual,Agreeableness
3/3/2022 10:39,Female,17,Masters Degree,Yes,No,5,5,5,Yes,5,Yes, Use rhymes to help memorize the notes, Discuss the material among students and instructor,5,5,5,Yes,5,5,5,5,5,5,Auditory,Agreeableness
3/3/2022 16:43,Female,21,Post-Secondary Education,Yes,Yes,5,3,5,Yes,5,Yes, Watch tutorials or explanation videos, Discuss the material among students and instructor,4,5,5,Yes,5,4,5,5,1,5,Visual,Openness
3/5/2022 21:35,Male,21,Post-Secondary Education,Yes,No,5,5,3,No,2,No, Use rhymes to help memorize the notes, Discuss the material among students and instructor,3,4,2,No,5,5,3,1,2,3,Auditory,Extroversion
3/6/2022 12:26,Female,27,Bachelors Degree,Yes,Yes,4,4,3,Yes,5,Yes, Watch tutorials or explanation videos, Discuss the material among students and instructor,4,3,4,Yes,4,5,5,5,2,3,Visual,Openness
